run_id,condition,model,coop,mem,comm,initial_grass,neg_r,pos_r,fair_me,fair_oth,total_ticks,final_pool,final_herds,collapsed
20260515_233233_full-gabm,full-gabm,claude-sonnet-4-6,?,5,?,?,?,?,?,?,120,99.4,13.0/13.0/13.0,False
20260516_005208_hybrid,hybrid,claude-sonnet-4-6,?,5,?,?,?,?,?,?,54,0.0,0.0/0.0/0.0,True
20260516_011105_hybrid,hybrid,claude-sonnet-4-6,?,5,?,?,?,?,?,?,33,0.0,0.0/0.0/0.0,True
20260516_011536_hybrid,hybrid,claude-sonnet-4-6,?,5,?,?,?,?,?,?,60,0.0,0.0/0.0/0.0,True
20260516_071509_full-gabm,full-gabm,claude-sonnet-4-6,?,5,?,?,?,?,?,?,119,97.5,20.0/20.0/20.0,False
20260516_075015_full-gabm,full-gabm,claude-sonnet-4-6,?,5,?,?,?,?,?,?,120,89.6,28.0/28.0/28.0,False
20260516_083148_full-gabm,full-gabm,llama3.2:3b-instruct-q4_0,1,5,?,100,0,1,0,1,33,99.4,8.0/8.0/24.0,False
20260516_085639_full-gabm,full-gabm,llama3.2:3b-instruct-q4_0,1,5,?,48,0,1,0,1,51,99.0,18.0/6.0/22.0,False
20260516_093606_full-gabm,full-gabm,claude-sonnet-4-6,1,5,?,49,0,1,0,1,50,99.5,11.0/12.0/13.0,False
20260516_094859_full-gabm,full-gabm,claude-sonnet-4-6,0.3,5,?,50,0,1,0,0,50,99.3,12.0/14.0/16.0,False
20260516_103644_hybrid,hybrid,claude-sonnet-4-6,1,5,?,90,0,1,0,1,35,0.0,0.0/0.0/0.0,True
20260516_112902_full-gabm,full-gabm,gemma4:e4b,1,5,?,90,0,1,0,1,11,97.6,14.0/40.0/5.0,False
20260516_120254_full-gabm,full-gabm,gemma4:e4b,1,5,?,100,0,1,0,1,2,99.1,5.0/15.0/25.0,False
20260516_200643_full-gabm,full-gabm,deepseek-r1:32b,1,5,?,100,0,1,0,1,7,98.9,6.0/15.0/26.0,False
20260516_201712_full-gabm,full-gabm,gpt-5.4-mini,1,5,?,100,0,1,0,1,40,99.0,6.0/15.0/25.0,False
20260516_202038_full-gabm,full-gabm,gpt-5.4-mini,1,5,?,50,0,1,0.5,0.5,30,99.1,5.0/15.0/25.0,False
20260516_202309_full-gabm,full-gabm,gpt-5.4-mini,1,5,?,50,0,1,1,0.5,3,0.0,0.0/0.0/0.0,True
20260516_202336_full-gabm,full-gabm,gpt-5.4-mini,1,5,?,50,0,1,1,0.5,7,0.0,0.0/0.0/0.0,True
20260516_202422_full-gabm,full-gabm,gpt-5.4-mini,1,5,?,100,0,1,1,0.5,29,0.0,0.0/0.0/0.0,True
20260516_202628_full-gabm,full-gabm,gpt-5.4-mini,1,5,?,100,0,1,1,0.5,4,99.0,6.0/15.0/25.0,False
20260516_203343_full-gabm,full-gabm,gpt-5.4-mini,1,5,?,100,0,1,1,0.5,39,95.8,5.0/29.0/37.0,False
20260516_203754_full-gabm,full-gabm,gpt-5.5,1,5,?,100,0,1,1,0.11,2,99.1,6.0/15.0/25.0,False
20260516_203844_full-gabm,full-gabm,gpt-5.5,1,5,?,48,0,1,1,0.11,50,95.9,23.0/23.0/23.0,False
20260516_205231_full-gabm,full-gabm,gpt-5.5,0.13,5,?,48,0,1,1,0.11,14,0.0,0.0/0.0/0.0,True
20260516_205712_full-gabm,full-gabm,gpt-5.5,0.49,5,?,48,0.48,0.49,0.51,0.47,21,0.0,0.0/0.0/0.0,True
20260516_210721_full-gabm,full-gabm,gpt-5.5,0.49,5,?,100,0.48,0.49,0.51,0.47,29,0.0,0.0/0.0/0.0,True
20260516_211348_full-gabm,full-gabm,gpt-5.5,0.49,5,?,100,0.48,0.49,0.51,0.47,30,0.0,0.0/0.0/0.0,True
20260516_212058_full-gabm,full-gabm,gpt-5.5,0.49,5,?,100,0.48,0.49,0.51,0.47,41,0.0,0.0/0.0/0.0,True
20260516_213535_full-gabm,full-gabm,claude-sonnet-4-6,0.49,5,?,100,0.48,0.49,0.51,0.47,39,0.0,0.0/0.0/0.0,True
20260516_215251_full-gabm,full-gabm,claude-sonnet-4-6,1,5,?,100,1,0.43,0.51,0.47,31,98.8,16.0/16.0/16.0,False
20260516_220100_full-gabm,full-gabm,claude-sonnet-4-6,1,5,?,100,1,0.43,0.51,0.47,43,97.4,20.0/20.0/20.0,False
20260516_221156_full-gabm,full-gabm,gpt-5.5,1,5,?,100,1,0.43,0.51,0.47,20,98.2,12.0/21.0/22.0,False
20260516_223313_full-gabm,full-gabm,deepseek-r1:32b,1,5,?,100,1,0.51,0.48,0.44,55,97.9,6.0/20.0/31.0,False
20260517_081550_full-gabm,full-gabm,claude-sonnet-4-6,1,1,?,100,0,1,0,1,50,99.1,15.0/15.0/15.0,False
20260517_082841_full-gabm,full-gabm,claude-sonnet-4-6,1,1,?,50,0,1,0,1,25,99.3,14.0/14.0/14.0,False
20260517_084421_full-gabm,full-gabm,claude-sonnet-4-6,1,0,True,51,0,1,0,1,13,99.5,10.0/13.0/14.0,False
20260517_085145_full-gabm,full-gabm,claude-sonnet-4-6,1,0,False,50,0,1,0,1,10,99.1,8.0/17.0/19.0,False
20260517_085506_full-gabm,full-gabm,claude-sonnet-4-6,0.5,0,False,50,0.49,0.49,0.49,0.5,32,0.0,0.0/0.0/0.0,True
20260517_090333_full-gabm,full-gabm,claude-sonnet-4-6,0.5,15,True,50,0.49,0.49,0.49,0.5,120,94.1,25.0/25.0/25.0,False
20260517_093349_full-gabm,full-gabm,claude-sonnet-4-6,0.5,1,True,50,0.49,0.49,0.49,0.5,90,0.0,0.0/0.0/0.0,True
20260517_095452_full-gabm,full-gabm,claude-sonnet-4-6,0.5,3,True,50,0.49,0.49,0.49,0.5,120,90.1,24.0/28.0/29.0,False
20260517_102423_full-gabm,full-gabm,claude-sonnet-4-6,0.5,2,True,50,0.49,0.49,0.49,0.5,120,90.2,29.0/28.0/28.0,False
20260517_151330_full-gabm,full-gabm,claude-haiku-4-5,0.5,5,True,50,0.49,0.49,0.49,0.5,99,0.0,0.0/0.0/0.0,True
20260517_153122_full-gabm,full-gabm,claude-haiku-4-5,0.5,15,True,50,0.49,0.49,0.49,0.5,120,95.0,24.0/24.0/24.0,False
20260517_155133_full-gabm,full-gabm,claude-haiku-4-5,0.5,15,False,50,0.49,0.49,0.49,0.5,48,0.0,0.0/0.0/0.0,True
20260517_175151_full-gabm,full-gabm,deepseek-r1:32b,0.5,5,True,51,0.5,0.5,0.5,0.5,8,89.5,9.0/19.0/29.0,False
20260517_205718_full-gabm,full-gabm,gemma4:e4b,1,5,True,100,0,1,0,1,1,99.4,4.0/14.0/25.0,False
20260517_210348_full-gabm,full-gabm,gemma4:e4b,0.5,5,True,50,0.5,1,0.5,0.5,96,0.0,0.0/0.0/0.0,True
20260518_114054_full-gabm,full-gabm,deepseek-r1:32b,0.5,15,True,50,0.5,0.5,0.5,0.5,1,52.1,6.0/16.0/26.0,False
20260518_125018_full-gabm,full-gabm,deepseek-r1:32b,0.5,15,True,50,0.5,0.5,0.5,0.5,69,0.0,0.0/0.0/0.0,True
20260518_133104_full-gabm,full-gabm,gemma4:e4b,0.5,15,True,41,0.5,0.5,0.5,0.5,86,100.0,90.0/99.0/111.0,False
20260518_192420_baseline,baseline,rule-based,1,5,True,100,1,1,1,0,116,0.0,0.0/0.0/0.0,True
20260518_203848_baseline,baseline,rule-based,0,5,True,100,0,1,0,1,120,100.0,3.0/3.0/3.0,False
20260518_203852_baseline,baseline,rule-based,0,5,True,100,0,1,0,1,120,100.0,3.0/3.0/3.0,False
20260518_203853_baseline,baseline,rule-based,0,5,True,100,0,1,0,1,120,100.0,3.0/3.0/3.0,False
20260518_203854_baseline,baseline,rule-based,0,5,True,100,0,1,0,1,120,100.0,3.0/3.0/3.0,False
20260518_203855_baseline,baseline,rule-based,0,5,True,100,0,1,0,1,120,100.0,3.0/3.0/3.0,False
20260518_203856_baseline,baseline,rule-based,0,5,True,100,0,1,0,1,120,100.0,3.0/3.0/3.0,False
20260518_203857_baseline,baseline,rule-based,0,5,True,100,0,1,0,1,120,100.0,3.0/3.0/3.0,False
20260518_203858_baseline,baseline,rule-based,0,5,True,100,0,1,0,1,120,100.0,3.0/3.0/3.0,False
20260518_203913_baseline,baseline,rule-based,0,5,True,100,0.5,1,0,1,122,99.9,9.0/9.0/9.0,False
20260518_203914_baseline,baseline,rule-based,0,5,True,100,0.5,1,0,1,120,100.0,3.0/3.0/3.0,False
20260518_203915_baseline,baseline,rule-based,0,5,True,100,0.5,1,0,1,122,0.0184,3.0/nan/nan,False
20260518_203917_baseline,baseline,rule-based,0,5,True,100,0.5,1,0,1,120,100.0,6.0/3.0/5.0,False
20260518_203918_baseline,baseline,rule-based,0,5,True,100,0.5,1,0,1,120,100.0,9.0/8.0/8.0,False
20260518_203920_baseline,baseline,rule-based,0,5,True,100,0.5,1,0,1,121,12.0,nan/nan/nan,False
20260518_203936_baseline,baseline,rule-based,0,5,True,100,1,1,0,1,129,0.0,0.0/0.0/0.0,True
20260518_203940_baseline,baseline,rule-based,0,5,True,100,1,1,0,1,120,0.0,0.0/0.0/0.0,True
20260518_203942_baseline,baseline,rule-based,0,5,True,100,1,1,0,1,130,0.0,0.0/0.0/0.0,True
20260518_203952_baseline,baseline,rule-based,0.5,5,True,100,0,1,0,1,120,100.0,3.0/3.0/3.0,False
20260518_203956_baseline,baseline,rule-based,0.5,5,True,100,0,1,0,1,120,100.0,3.0/3.0/3.0,False
20260518_203957_baseline,baseline,rule-based,0.5,5,True,100,0,1,0,1,120,100.0,3.0/3.0/3.0,False
20260518_203958_baseline,baseline,rule-based,0.5,5,True,100,0,1,0,1,120,100.0,3.0/3.0/3.0,False
20260518_203959_baseline,baseline,rule-based,0.5,5,True,100,0,1,0,1,120,100.0,3.0/3.0/3.0,False
20260518_204000_baseline,baseline,rule-based,0.5,5,True,100,0,1,0,1,120,100.0,3.0/3.0/3.0,False
20260518_204002_baseline,baseline,rule-based,0.5,5,True,100,0,1,0,1,120,100.0,3.0/3.0/3.0,False
20260518_204003_baseline,baseline,rule-based,0.5,5,True,100,0,1,0,1,120,100.0,3.0/3.0/3.0,False
20260518_204018_baseline,baseline,rule-based,0.5,5,True,100,0.5,1,0,1,120,100.0,7.0/7.0/6.0,False
20260518_204019_baseline,baseline,rule-based,0.5,5,True,100,0.5,1,0,1,122,100.0,6.0/5.0/5.0,False
20260518_204020_baseline,baseline,rule-based,0.5,5,True,100,0.5,1,0,1,120,98.8,15.0/16.0/18.0,False
20260518_204021_baseline,baseline,rule-based,0.5,5,True,100,0.5,1,0,1,120,100.0,7.0/6.0/8.0,False
20260518_204022_baseline,baseline,rule-based,0.5,5,True,100,0.5,1,0,1,120,100.0,9.0/6.0/8.0,False
20260518_204040_baseline,baseline,rule-based,0.5,5,True,100,1,1,0,1,120,0.0,0.0/0.0/0.0,True
20260518_204041_baseline,baseline,rule-based,0.5,5,True,100,1,1,0,1,120,0.0,0.0/0.0/0.0,True
20260518_204042_baseline,baseline,rule-based,0.5,5,True,100,1,1,0,1,132,0.0,0.0/0.0/0.0,True
20260518_204044_baseline,baseline,rule-based,0.5,5,True,100,1,1,0,1,123,1.0,0.0/nan/nan,False
20260518_204045_baseline,baseline,rule-based,0.5,5,True,100,1,1,0,1,120,0.0,0.0/0.0/0.0,True
20260518_204057_baseline,baseline,rule-based,1,5,True,100,0,1,0,1,120,100.0,3.0/3.0/3.0,False
20260518_204058_baseline,baseline,rule-based,1,5,True,100,0,1,0,1,120,100.0,3.0/3.0/3.0,False
20260518_204059_baseline,baseline,rule-based,1,5,True,100,0,1,0,1,120,100.0,3.0/3.0/3.0,False
20260518_204100_baseline,baseline,rule-based,1,5,True,100,0,1,0,1,120,100.0,3.0/3.0/3.0,False
20260518_204101_baseline,baseline,rule-based,1,5,True,100,0,1,0,1,120,100.0,3.0/3.0/3.0,False
20260518_204102_baseline,baseline,rule-based,1,5,True,100,0,1,0,1,120,100.0,3.0/3.0/3.0,False
20260518_204103_baseline,baseline,rule-based,1,5,True,100,0,1,0,1,120,100.0,3.0/3.0/3.0,False
20260518_204121_baseline,baseline,rule-based,1,5,True,100,0.5,1,0,1,122,0.0422,7.0/nan/nan,False
20260518_204138_baseline,baseline,rule-based,1,5,True,100,1,1,0,1,120,0.0,0.0/0.0/0.0,True
20260518_204141_baseline,baseline,rule-based,1,5,True,100,1,1,0,1,120,0.0,0.0/0.0/0.0,True
20260518_204142_baseline,baseline,rule-based,1,5,True,100,1,1,0,1,122,0.0,0.0/0.0/0.0,True
20260518_204157_baseline,baseline,rule-based,1,5,True,100,0,1,0,1,120,100.0,3.0/3.0/3.0,False
20260518_204202_baseline,baseline,rule-based,1,5,True,100,0,1,0,1,120,100.0,3.0/3.0/3.0,False
20260518_204203_baseline,baseline,rule-based,1,5,True,100,0,1,0,1,120,100.0,3.0/3.0/3.0,False
20260518_204205_baseline,baseline,rule-based,1,5,True,100,0,1,0,1,120,100.0,3.0/3.0/3.0,False
20260518_204206_baseline,baseline,rule-based,1,5,True,100,0,1,0,1,120,100.0,3.0/3.0/3.0,False
20260518_204208_baseline,baseline,rule-based,1,5,True,100,0,1,0,1,120,100.0,3.0/3.0/3.0,False
20260518_204209_baseline,baseline,rule-based,1,5,True,100,0,1,0,1,120,100.0,3.0/3.0/3.0,False
20260518_204225_baseline,baseline,rule-based,1,5,True,100,0,1,0,1,120,100.0,3.0/3.0/3.0,False
20260518_204226_baseline,baseline,rule-based,1,5,True,100,0,1,0,1,120,100.0,3.0/3.0/3.0,False
20260518_204228_baseline,baseline,rule-based,1,5,True,100,0,1,0,1,120,100.0,3.0/3.0/3.0,False
20260518_204229_baseline,baseline,rule-based,1,5,True,100,0,1,0,1,120,100.0,3.0/3.0/3.0,False
20260518_204230_baseline,baseline,rule-based,1,5,True,100,0,1,0,1,120,100.0,3.0/3.0/3.0,False
20260518_204232_baseline,baseline,rule-based,1,5,True,100,0,1,0,1,120,100.0,3.0/3.0/3.0,False
20260518_204233_baseline,baseline,rule-based,1,5,True,100,0,1,0,1,120,100.0,3.0/3.0/3.0,False
20260518_204249_baseline,baseline,rule-based,1,5,True,100,0,1,0,0,120,100.0,4.0/4.0/4.0,False
20260518_204250_baseline,baseline,rule-based,1,5,True,100,0,1,0,0,120,100.0,4.0/5.0/4.0,False
20260518_204251_baseline,baseline,rule-based,1,5,True,100,0,1,0,0,122,100.0,5.0/6.0/7.0,False
20260518_204252_baseline,baseline,rule-based,1,5,True,100,0,1,0,0,121,0.022,4.0/nan/nan,False
20260518_204253_baseline,baseline,rule-based,1,5,True,100,0,1,0,0,120,100.0,4.0/5.0/4.0,False
20260518_204255_baseline,baseline,rule-based,1,5,True,100,0,1,0,0,123,100.0,5.0/5.0/5.0,False
20260518_204308_baseline,baseline,rule-based,1,5,True,100,0,1,0.5,0.5,120,100.0,4.0/5.0/4.0,False
20260518_204309_baseline,baseline,rule-based,1,5,True,100,0,1,0.5,0.5,120,100.0,4.0/4.0/4.0,False
20260518_204313_baseline,baseline,rule-based,1,5,True,100,0,1,0.5,0.5,120,100.0,4.0/4.0/5.0,False
20260518_204314_baseline,baseline,rule-based,1,5,True,100,0,1,0.5,0.5,120,100.0,4.0/4.0/4.0,False
20260518_204315_baseline,baseline,rule-based,1,5,True,100,0,1,0.5,0.5,120,100.0,4.0/4.0/4.0,False
20260518_204316_baseline,baseline,rule-based,1,5,True,100,0,1,0.5,0.5,120,100.0,4.0/4.0/4.0,False
20260518_204317_baseline,baseline,rule-based,1,5,True,100,0,1,0.5,0.5,120,100.0,4.0/4.0/4.0,False
20260518_204318_baseline,baseline,rule-based,1,5,True,100,0,1,0.5,0.5,120,100.0,4.0/4.0/4.0,False
20260518_204320_baseline,baseline,rule-based,1,5,True,100,0,1,0.5,0.5,120,100.0,4.0/4.0/4.0,False
20260518_204333_baseline,baseline,rule-based,1,5,True,100,0,1,1,1,120,100.0,4.0/4.0/4.0,False
20260518_204334_baseline,baseline,rule-based,1,5,True,100,0,1,1,1,121,4.0,nan/nan/nan,False
20260518_204340_baseline,baseline,rule-based,1,5,True,100,0,1,1,1,121,,nan/nan/nan,False
20260518_204341_baseline,baseline,rule-based,1,5,True,100,0,1,1,1,120,100.0,4.0/4.0/4.0,False
20260518_204344_baseline,baseline,rule-based,1,5,True,100,0,1,1,1,120,100.0,6.0/6.0/6.0,False
20260518_204345_baseline,baseline,rule-based,1,5,True,100,0,1,1,1,120,100.0,4.0/4.0/4.0,False
20260518_204346_baseline,baseline,rule-based,1,5,True,100,0,1,1,1,120,100.0,4.0/4.0/4.0,False
20260518_204347_baseline,baseline,rule-based,1,5,True,100,0,1,1,1,120,100.0,4.0/4.0/4.0,False
20260518_204400_baseline,baseline,rule-based,1,5,True,100,0,1,1,0,122,,nan/nan/nan,False
20260518_204405_baseline,baseline,rule-based,1,5,True,100,0,1,1,0,120,100.0,6.0/6.0/6.0,False
20260518_204406_baseline,baseline,rule-based,1,5,True,100,0,1,1,0,121,,nan/nan/nan,False
20260518_204407_baseline,baseline,rule-based,1,5,True,100,0,1,1,0,120,100.0,5.0/5.0/5.0,False
20260518_204408_baseline,baseline,rule-based,1,5,True,100,0,1,1,0,120,100.0,5.0/5.0/5.0,False
20260518_204411_baseline,baseline,rule-based,1,5,True,100,0,1,1,0,120,100.0,7.0/7.0/6.0,False
20260518_204412_baseline,baseline,rule-based,1,5,True,100,0,1,1,0,120,100.0,5.0/5.0/5.0,False
20260518_204428_baseline,baseline,rule-based,0,5,True,100,1,1,0,1,120,0.0,0.0/0.0/0.0,True
20260518_204429_baseline,baseline,rule-based,0,5,True,100,1,1,0,1,129,0.0,0.0/0.0/0.0,True
20260518_204432_baseline,baseline,rule-based,0,5,True,100,1,1,0,1,129,0.0,0.0/0.0/0.0,True
20260518_204433_baseline,baseline,rule-based,0,5,True,100,1,1,0,1,129,0.0,0.0/0.0/0.0,True
20260518_204435_baseline,baseline,rule-based,0,5,True,100,1,1,0,1,120,0.0,0.0/0.0/0.0,True
20260518_204452_baseline,baseline,rule-based,0.5,5,True,100,1,1,1,0,128,0.0,0.0/0.0/0.0,True
20260518_204453_baseline,baseline,rule-based,0.5,5,True,100,1,1,1,0,120,0.0,0.0/0.0/0.0,True
20260518_204458_baseline,baseline,rule-based,0.5,5,True,100,1,1,1,0,120,0.0,0.0/0.0/0.0,True
20260518_205107_baseline,baseline,rule-based,1,5,True,100,0,1,0,0,120,0.0,0.0/0.0/0.0,True
20260518_205108_baseline,baseline,rule-based,1,5,True,100,0,1,0,0,120,0.0,0.0/0.0/0.0,True
20260518_205114_baseline,baseline,rule-based,1,5,True,100,0,1,0,0,120,0.0,0.0/0.0/0.0,True
20260518_205115_baseline,baseline,rule-based,1,5,True,100,0,1,0,0,120,0.0,0.0/0.0/0.0,True
20260518_205116_baseline,baseline,rule-based,1,5,True,100,0,1,0,0,120,0.0,0.0/0.0/0.0,True
20260518_205118_baseline,baseline,rule-based,1,5,True,100,0,1,0,0,121,0.0,0.0/0.0/nan,True
20260518_205119_baseline,baseline,rule-based,1,5,True,100,0,1,0,0,120,0.0,0.0/0.0/0.0,True
20260518_205120_baseline,baseline,rule-based,1,5,True,100,0,1,0,0,120,0.0,0.0/0.0/0.0,True
20260518_205122_baseline,baseline,rule-based,1,5,True,100,0,1,0,0,120,0.0,0.0/0.0/0.0,True
20260518_205718_full-gabm,full-gabm,gemma4:e4b,0,5,True,100,0.5,1,0,1,86,0.0,15.0/13.0/22.0,True
20260518_212558_baseline,baseline,rule-based,1,5,True,100,0,0,0,1,120,0.0,0.0/0.0/0.0,True
20260518_212610_baseline,baseline,rule-based,1,5,True,100,0,0.25,0,1,120,100.0,8.0/8.0/8.0,False
20260518_212615_baseline,baseline,rule-based,1,5,True,100,0,0.25,0,1,121,0.0505,9.0/nan/nan,False
20260518_212617_baseline,baseline,rule-based,1,5,True,100,0,0.25,0,1,120,99.9,9.0/9.0/9.0,False
20260518_212618_baseline,baseline,rule-based,1,5,True,100,0,0.25,0,1,120,99.9,9.0/9.0/9.0,False
20260518_212626_baseline,baseline,rule-based,1,5,True,100,0,0.5,0,1,120,100.0,5.0/5.0/5.0,False
20260518_212630_baseline,baseline,rule-based,1,5,True,100,0,0.5,0,1,120,100.0,5.0/5.0/5.0,False
20260518_212631_baseline,baseline,rule-based,1,5,True,100,0,0.5,0,1,120,100.0,5.0/5.0/5.0,False
20260518_212633_baseline,baseline,rule-based,1,5,True,100,0,0.5,0,1,120,100.0,5.0/5.0/5.0,False
20260518_212635_baseline,baseline,rule-based,1,5,True,100,0,0.5,0,1,120,100.0,5.0/5.0/5.0,False
20260518_212646_baseline,baseline,rule-based,1,5,True,100,0,0.75,0,1,120,100.0,4.0/4.0/4.0,False
20260518_212648_baseline,baseline,rule-based,1,5,True,100,0,0.75,0,1,120,100.0,4.0/4.0/4.0,False
20260518_212649_baseline,baseline,rule-based,1,5,True,100,0,0.75,0,1,120,100.0,4.0/4.0/4.0,False
20260518_212650_baseline,baseline,rule-based,1,5,True,100,0,0.75,0,1,120,100.0,4.0/4.0/4.0,False
20260518_212700_baseline,baseline,rule-based,1,5,True,100,0,1,0,1,120,100.0,3.0/3.0/3.0,False
20260518_212701_baseline,baseline,rule-based,1,5,True,100,0,1,0,1,120,100.0,3.0/3.0/3.0,False
20260518_212705_baseline,baseline,rule-based,1,5,True,100,0,1,0,1,120,100.0,3.0/3.0/3.0,False
20260518_212706_baseline,baseline,rule-based,1,5,True,100,0,1,0,1,120,100.0,3.0/3.0/3.0,False
20260518_212708_baseline,baseline,rule-based,1,5,True,100,0,1,0,1,120,100.0,3.0/3.0/3.0,False
20260518_212725_baseline,baseline,rule-based,1,5,True,100,0.25,0,0,1,122,0.0,0.0/0.0/0.0,True
20260518_212728_baseline,baseline,rule-based,1,5,True,100,0.25,0,0,1,122,0.0,0.0/0.0/0.0,True
20260518_212729_baseline,baseline,rule-based,1,5,True,100,0.25,0,0,1,120,0.0,0.0/0.0/0.0,True
20260518_212730_baseline,baseline,rule-based,1,5,True,100,0.25,0,0,1,120,0.0,0.0/0.0/0.0,True
20260518_212731_baseline,baseline,rule-based,1,5,True,100,0.25,0,0,1,120,0.0,0.0/0.0/0.0,True
20260518_212746_baseline,baseline,rule-based,1,5,True,100,0.25,0.25,0,1,120,0.0,0.0/0.0/0.0,True
20260518_212747_baseline,baseline,rule-based,1,5,True,100,0.25,0.25,0,1,120,0.0,0.0/0.0/0.0,True
20260518_212752_baseline,baseline,rule-based,1,5,True,100,0.25,0.25,0,1,131,0.0,0.0/0.0/0.0,True
20260518_212753_baseline,baseline,rule-based,1,5,True,100,0.25,0.25,0,1,120,0.0,0.0/0.0/0.0,True
20260518_212808_baseline,baseline,rule-based,1,5,True,100,0.25,0.5,0,1,122,13.0,nan/nan/nan,False
20260518_212810_baseline,baseline,rule-based,1,5,True,100,0.25,0.5,0,1,122,99.6,12.0/12.0/12.0,False
20260518_212814_baseline,baseline,rule-based,1,5,True,100,0.25,0.5,0,1,122,99.7,11.0/11.0/11.0,False
20260518_212815_baseline,baseline,rule-based,1,5,True,100,0.25,0.5,0,1,121,15.0,nan/nan/nan,False
20260518_212830_baseline,baseline,rule-based,1,5,True,100,0.25,0.75,0,1,120,100.0,5.0/5.0/5.0,False
20260518_212831_baseline,baseline,rule-based,1,5,True,100,0.25,0.75,0,1,122,99.9,8.0/8.0/9.0,False
20260518_212832_baseline,baseline,rule-based,1,5,True,100,0.25,0.75,0,1,120,100.0,5.0/6.0/7.0,False
20260518_212833_baseline,baseline,rule-based,1,5,True,100,0.25,0.75,0,1,120,100.0,5.0/5.0/5.0,False
20260518_212834_baseline,baseline,rule-based,1,5,True,100,0.25,0.75,0,1,122,0.0275,5.0/nan/nan,False
20260518_212835_baseline,baseline,rule-based,1,5,True,100,0.25,0.75,0,1,120,100.0,5.0/5.0/5.0,False
20260518_212836_baseline,baseline,rule-based,1,5,True,100,0.25,0.75,0,1,120,100.0,5.0/5.0/5.0,False
20260518_212847_baseline,baseline,rule-based,1,5,True,100,0.25,1,0,1,121,3.0,nan/nan/nan,False
20260518_212850_baseline,baseline,rule-based,1,5,True,100,0.25,1,0,1,120,100.0,3.0/3.0/3.0,False
20260518_212854_baseline,baseline,rule-based,1,5,True,100,0.25,1,0,1,121,4.0,nan/nan/nan,False
20260518_212910_baseline,baseline,rule-based,1,5,True,100,0.5,0,0,1,120,0.0,0.0/0.0/0.0,True
20260518_212913_baseline,baseline,rule-based,1,5,True,100,0.5,0,0,1,120,0.0,0.0/0.0/0.0,True
20260518_212915_baseline,baseline,rule-based,1,5,True,100,0.5,0,0,1,123,0.0,0.0/0.0/0.0,True
20260518_212916_baseline,baseline,rule-based,1,5,True,100,0.5,0,0,1,120,0.0,0.0/0.0/0.0,True
20260518_212934_baseline,baseline,rule-based,1,5,True,100,0.5,0.25,0,1,120,0.0,0.0/0.0/0.0,True
20260518_212937_baseline,baseline,rule-based,1,5,True,100,0.5,0.25,0,1,120,0.0,0.0/0.0/0.0,True
20260518_212951_baseline,baseline,rule-based,1,5,True,100,0.5,0.5,0,1,121,0.0,0.0/0.0/0.0,True
20260518_212954_baseline,baseline,rule-based,1,5,True,100,0.5,0.5,0,1,120,0.0,0.0/0.0/0.0,True
20260518_212955_baseline,baseline,rule-based,1,5,True,100,0.5,0.5,0,1,120,0.0,0.0/0.0/0.0,True
20260518_212956_baseline,baseline,rule-based,1,5,True,100,0.5,0.5,0,1,133,0.0,0.0/0.0/0.0,True
20260518_212957_baseline,baseline,rule-based,1,5,True,100,0.5,0.5,0,1,120,0.0,0.0/0.0/0.0,True
20260518_213041_baseline,baseline,rule-based,1,5,True,100,0.5,1,0,1,122,,nan/nan/nan,False
20260518_213042_baseline,baseline,rule-based,1,5,True,100,0.5,1,0,1,120,100.0,6.0/6.0/5.0,False
20260518_213044_baseline,baseline,rule-based,1,5,True,100,0.5,1,0,1,120,100.0,8.0/6.0/8.0,False
20260518_213102_baseline,baseline,rule-based,1,5,True,100,0.75,0,0,1,122,0.0,0.0/0.0/0.0,True
20260518_213103_baseline,baseline,rule-based,1,5,True,100,0.75,0,0,1,120,0.0,0.0/0.0/0.0,True
20260518_213105_baseline,baseline,rule-based,1,5,True,100,0.75,0,0,1,120,0.0,0.0/0.0/0.0,True
20260518_213106_baseline,baseline,rule-based,1,5,True,100,0.75,0,0,1,120,0.0,0.0/0.0/0.0,True
20260518_213107_baseline,baseline,rule-based,1,5,True,100,0.75,0,0,1,122,0.0,0.0/0.0/0.0,True
20260518_213124_baseline,baseline,rule-based,1,5,True,100,0.75,0.25,0,1,122,0.0,0.0/0.0/0.0,True
20260518_213126_baseline,baseline,rule-based,1,5,True,100,0.75,0.25,0,1,120,0.0,0.0/0.0/0.0,True
20260518_213127_baseline,baseline,rule-based,1,5,True,100,0.75,0.25,0,1,120,0.0,0.0/0.0/0.0,True
20260518_213129_baseline,baseline,rule-based,1,5,True,100,0.75,0.25,0,1,121,0.0,nan/nan/nan,True
20260518_213149_baseline,baseline,rule-based,1,5,True,100,0.75,0.5,0,1,126,0.0,0.0/0.0/0.0,True
20260518_213150_baseline,baseline,rule-based,1,5,True,100,0.75,0.5,0,1,121,0.0,0.0/0.0/0.0,True
20260518_213152_baseline,baseline,rule-based,1,5,True,100,0.75,0.5,0,1,120,0.0,0.0/0.0/0.0,True
20260518_213207_baseline,baseline,rule-based,1,5,True,100,0.75,0.75,0,1,120,0.0,0.0/0.0/0.0,True
20260518_213210_baseline,baseline,rule-based,1,5,True,100,0.75,0.75,0,1,120,0.0,0.0/0.0/0.0,True
20260518_213211_baseline,baseline,rule-based,1,5,True,100,0.75,0.75,0,1,121,0.0,nan/nan/nan,True
20260518_213213_baseline,baseline,rule-based,1,5,True,100,0.75,0.75,0,1,120,0.0,0.0/0.0/0.0,True
20260518_213214_baseline,baseline,rule-based,1,5,True,100,0.75,0.75,0,1,122,0.0,0.0/0.0/0.0,True
20260518_213237_baseline,baseline,rule-based,1,5,True,100,0.75,1,0,1,120,99.3,12.0/17.0/12.0,False
20260518_213239_baseline,baseline,rule-based,1,5,True,100,0.75,1,0,1,121,33.0,11.0/10.0/nan,False
20260518_213251_baseline,baseline,rule-based,1,5,True,100,1,0,0,1,120,0.0,0.0/0.0/0.0,True
20260518_213252_baseline,baseline,rule-based,1,5,True,100,1,0,0,1,121,0.0,nan/nan/nan,True
20260518_213255_baseline,baseline,rule-based,1,5,True,100,1,0,0,1,120,0.0,0.0/0.0/0.0,True
20260518_213256_baseline,baseline,rule-based,1,5,True,100,1,0,0,1,120,0.0,0.0/0.0/0.0,True
20260518_213257_baseline,baseline,rule-based,1,5,True,100,1,0,0,1,120,0.0,0.0/0.0/0.0,True
20260518_213258_baseline,baseline,rule-based,1,5,True,100,1,0,0,1,120,0.0,0.0/0.0/0.0,True
20260518_213259_baseline,baseline,rule-based,1,5,True,100,1,0,0,1,120,0.0,0.0/0.0/0.0,True
20260518_213300_baseline,baseline,rule-based,1,5,True,100,1,0,0,1,121,0.0,nan/nan/nan,True
20260518_213301_baseline,baseline,rule-based,1,5,True,100,1,0,0,1,120,0.0,0.0/0.0/0.0,True
20260518_213317_baseline,baseline,rule-based,1,5,True,100,1,0.25,0,1,121,0.0,nan/nan/nan,True
20260518_213318_baseline,baseline,rule-based,1,5,True,100,1,0.25,0,1,120,0.0,0.0/0.0/0.0,True
20260518_213319_baseline,baseline,rule-based,1,5,True,100,1,0.25,0,1,120,0.0,0.0/0.0/0.0,True
20260518_213321_baseline,baseline,rule-based,1,5,True,100,1,0.25,0,1,121,0.0,0.0/0.0/0.0,True
20260518_213335_baseline,baseline,rule-based,1,5,True,100,1,0.5,0,1,123,1.0,0.0/nan/nan,False
20260518_213339_baseline,baseline,rule-based,1,5,True,100,1,0.5,0,1,124,0.0,0.0/0.0/0.0,True
20260518_213340_baseline,baseline,rule-based,1,5,True,100,1,0.5,0,1,120,0.0,0.0/0.0/0.0,True
20260518_213343_baseline,baseline,rule-based,1,5,True,100,1,0.5,0,1,120,0.0,0.0/0.0/0.0,True
20260518_213344_baseline,baseline,rule-based,1,5,True,100,1,0.5,0,1,120,0.0,0.0/0.0/0.0,True
20260518_213345_baseline,baseline,rule-based,1,5,True,100,1,0.5,0,1,120,0.0,0.0/0.0/0.0,True
20260518_213402_baseline,baseline,rule-based,1,5,True,100,1,0.75,0,1,131,0.0,0.0/0.0/0.0,True
20260518_213405_baseline,baseline,rule-based,1,5,True,100,1,0.75,0,1,127,0.0,0.0/0.0/0.0,True
20260518_213406_baseline,baseline,rule-based,1,5,True,100,1,0.75,0,1,120,0.0,0.0/0.0/0.0,True
20260518_213408_baseline,baseline,rule-based,1,5,True,100,1,0.75,0,1,122,0.0,0.0/0.0/0.0,True
20260518_213425_baseline,baseline,rule-based,1,5,True,100,1,1,0,1,120,0.0,0.0/0.0/0.0,True
20260518_214001_baseline,baseline,rule-based,1,5,True,100,0,1,0,1,120,100.0,3.0/3.0/3.0,False
20260518_214002_baseline,baseline,rule-based,1,5,True,100,0,1,0,1,120,100.0,3.0/3.0/3.0,False
20260518_214005_baseline,baseline,rule-based,1,5,True,100,0,1,0,1,120,100.0,3.0/3.0/3.0,False
20260518_214007_baseline,baseline,rule-based,1,5,True,100,0,1,0,1,120,100.0,3.0/3.0/3.0,False
20260518_214009_baseline,baseline,rule-based,1,5,True,100,0,1,0,1,120,100.0,3.0/3.0/3.0,False
20260518_214022_baseline,baseline,rule-based,1,5,True,100,0.1,1,0,1,121,,nan/nan/nan,False
20260518_214023_baseline,baseline,rule-based,1,5,True,100,0.1,1,0,1,120,100.0,3.0/3.0/3.0,False
20260518_214026_baseline,baseline,rule-based,1,5,True,100,0.1,1,0,1,120,100.0,3.0/3.0/3.0,False
20260518_214027_baseline,baseline,rule-based,1,5,True,100,0.1,1,0,1,120,100.0,3.0/3.0/3.0,False
20260518_214037_baseline,baseline,rule-based,1,5,True,100,0.2,1,0,1,121,3.0,nan/nan/nan,False
20260518_214038_baseline,baseline,rule-based,1,5,True,100,0.2,1,0,1,120,100.0,4.0/4.0/4.0,False
20260518_214041_baseline,baseline,rule-based,1,5,True,100,0.2,1,0,1,121,,nan/nan/nan,False
20260518_214043_baseline,baseline,rule-based,1,5,True,100,0.2,1,0,1,123,100.0,5.0/5.0/5.0,False
20260518_214044_baseline,baseline,rule-based,1,5,True,100,0.2,1,0,1,120,100.0,3.0/3.0/3.0,False
20260518_214045_baseline,baseline,rule-based,1,5,True,100,0.2,1,0,1,120,100.0,3.0/3.0/3.0,False
20260518_214101_baseline,baseline,rule-based,1,5,True,100,0.3,1,0,1,121,100.0,4.0/4.0/4.0,False
20260518_214106_baseline,baseline,rule-based,1,5,True,100,0.3,1,0,1,120,100.0,4.0/4.0/4.0,False
20260518_214107_baseline,baseline,rule-based,1,5,True,100,0.3,1,0,1,120,100.0,7.0/7.0/7.0,False
20260518_214123_baseline,baseline,rule-based,1,5,True,100,0.4,1,0,1,120,100.0,5.0/5.0/6.0,False
20260518_214125_baseline,baseline,rule-based,1,5,True,100,0.4,1,0,1,121,,nan/nan/nan,False
20260518_214146_baseline,baseline,rule-based,1,5,True,100,0.5,1,0,1,120,100.0,6.0/5.0/5.0,False
20260518_214150_baseline,baseline,rule-based,1,5,True,100,0.5,1,0,1,121,20.0,7.0/6.0/nan,False
20260518_214153_baseline,baseline,rule-based,1,5,True,100,0.5,1,0,1,120,100.0,7.0/8.0/8.0,False
20260518_214212_baseline,baseline,rule-based,1,5,True,100,0.6,1,0,1,122,100.0,8.0/8.0/8.0,False
20260518_214214_baseline,baseline,rule-based,1,5,True,100,0.6,1,0,1,122,99.6,13.0/11.0/11.0,False
20260518_214215_baseline,baseline,rule-based,1,5,True,100,0.6,1,0,1,120,100.0,8.0/8.0/8.0,False
20260518_214216_baseline,baseline,rule-based,1,5,True,100,0.6,1,0,1,120,100.0,7.0/9.0/8.0,False
20260518_214217_baseline,baseline,rule-based,1,5,True,100,0.6,1,0,1,120,99.6,13.0/11.0/11.0,False
20260518_214233_baseline,baseline,rule-based,1,5,True,100,0.7,1,0,1,120,99.9,9.0/10.0/8.0,False
20260518_214235_baseline,baseline,rule-based,1,5,True,100,0.7,1,0,1,124,39.0,13.0/13.0/nan,False
20260518_214252_baseline,baseline,rule-based,1,5,True,100,0.8,1,0,1,120,99.8,10.0/10.0/10.0,False
20260518_214254_baseline,baseline,rule-based,1,5,True,100,0.8,1,0,1,121,20.0,nan/nan/nan,False
20260518_214256_baseline,baseline,rule-based,1,5,True,100,0.8,1,0,1,120,99.5,15.0/11.0/12.0,False
20260518_214314_baseline,baseline,rule-based,1,5,True,100,0.9,1,0,1,122,10.0,nan/nan/nan,False
20260518_214316_baseline,baseline,rule-based,1,5,True,100,0.9,1,0,1,121,6.0,nan/nan/nan,False
20260518_214330_baseline,baseline,rule-based,1,5,True,100,1,1,0,1,130,0.0,0.0/0.0/0.0,True
20260518_214333_baseline,baseline,rule-based,1,5,True,100,1,1,0,1,122,0.0,0.0/0.0/0.0,True
20260518_214349_baseline,baseline,rule-based,1,5,True,100,0,0,0,1,121,1.0,0.0/nan/nan,False
20260518_214352_baseline,baseline,rule-based,1,5,True,100,0,0,0,1,125,0.0,0.0/0.0/0.0,True
20260518_214408_baseline,baseline,rule-based,1,5,True,100,0,0.25,0,1,123,100.0,8.0/8.0/8.0,False
20260518_214413_baseline,baseline,rule-based,1,5,True,100,0,0.25,0,1,120,99.9,9.0/9.0/9.0,False
20260518_214424_baseline,baseline,rule-based,1,5,True,100,0,0.5,0,1,120,100.0,5.0/5.0/5.0,False
20260518_214427_baseline,baseline,rule-based,1,5,True,100,0,0.5,0,1,120,100.0,5.0/5.0/5.0,False
20260518_214428_baseline,baseline,rule-based,1,5,True,100,0,0.5,0,1,120,100.0,5.0/5.0/5.0,False
20260518_214430_baseline,baseline,rule-based,1,5,True,100,0,0.5,0,1,120,100.0,5.0/5.0/5.0,False
20260518_214432_baseline,baseline,rule-based,1,5,True,100,0,0.5,0,1,120,100.0,5.0/5.0/5.0,False
20260518_214442_baseline,baseline,rule-based,1,5,True,100,0,0.75,0,1,120,100.0,4.0/4.0/4.0,False
20260518_214443_baseline,baseline,rule-based,1,5,True,100,0,0.75,0,1,120,100.0,4.0/4.0/4.0,False
20260518_214445_baseline,baseline,rule-based,1,5,True,100,0,0.75,0,1,120,100.0,4.0/4.0/4.0,False
20260518_214446_baseline,baseline,rule-based,1,5,True,100,0,0.75,0,1,120,100.0,4.0/4.0/4.0,False
20260518_214448_baseline,baseline,rule-based,1,5,True,100,0,0.75,0,1,120,100.0,4.0/4.0/4.0,False
20260518_214449_baseline,baseline,rule-based,1,5,True,100,0,0.75,0,1,120,100.0,4.0/4.0/4.0,False
20260518_214450_baseline,baseline,rule-based,1,5,True,100,0,0.75,0,1,120,100.0,4.0/4.0/4.0,False
20260518_214501_baseline,baseline,rule-based,1,5,True,100,0,1,0,1,120,100.0,3.0/3.0/3.0,False
20260518_214504_baseline,baseline,rule-based,1,5,True,100,0,1,0,1,120,100.0,3.0/3.0/3.0,False
20260518_214507_baseline,baseline,rule-based,1,5,True,100,0,1,0,1,120,100.0,3.0/3.0/3.0,False
20260518_214509_baseline,baseline,rule-based,1,5,True,100,0,1,0,1,120,100.0,3.0/3.0/3.0,False
20260518_214523_baseline,baseline,rule-based,1,5,True,100,0.5,0,0,1,122,0.0,0.0/0.0/0.0,True
20260518_214526_baseline,baseline,rule-based,1,5,True,100,0.5,0,0,1,122,0.0,nan/nan/nan,True
20260518_214542_baseline,baseline,rule-based,1,5,True,100,0.5,0.25,0,1,121,0.0,nan/nan/nan,True
20260518_214545_baseline,baseline,rule-based,1,5,True,100,0.5,0.25,0,1,121,0.0,0.0/0.0/0.0,True
20260518_214547_baseline,baseline,rule-based,1,5,True,100,0.5,0.25,0,1,120,0.0,0.0/0.0/0.0,True
20260518_214548_baseline,baseline,rule-based,1,5,True,100,0.5,0.25,0,1,120,0.0,0.0/0.0/0.0,True
20260518_214604_baseline,baseline,rule-based,1,5,True,100,0.5,0.5,0,1,120,0.0,0.0/0.0/0.0,True
20260518_214605_baseline,baseline,rule-based,1,5,True,100,0.5,0.5,0,1,130,0.0,0.0/0.0/0.0,True
20260518_214607_baseline,baseline,rule-based,1,5,True,100,0.5,0.5,0,1,124,0.0,0.0/0.0/0.0,True
20260518_214625_baseline,baseline,rule-based,1,5,True,100,0.5,0.75,0,1,122,17.0,nan/nan/nan,False
20260518_214626_baseline,baseline,rule-based,1,5,True,100,0.5,0.75,0,1,120,98.3,19.0/17.0/16.0,False
20260518_214628_baseline,baseline,rule-based,1,5,True,100,0.5,0.75,0,1,122,99.5,12.0/13.0/12.0,False
20260518_214642_baseline,baseline,rule-based,1,5,True,100,0.5,1,0,1,121,42.0,14.0/14.0/nan,False
20260518_214645_baseline,baseline,rule-based,1,5,True,100,0.5,1,0,1,120,100.0,3.0/3.0/3.0,False
20260518_214659_baseline,baseline,rule-based,1,5,True,100,0,0,0,1,120,0.0,0.0/0.0/0.0,True
20260518_214707_baseline,baseline,rule-based,1,5,True,100,0,0,0,1,120,0.0,0.0/0.0/0.0,True
20260518_214722_baseline,baseline,rule-based,1,5,True,100,0,0.25,0,1,124,24.0,8.0/8.0/nan,False
20260518_214724_baseline,baseline,rule-based,1,5,True,100,0,0.25,0,1,120,99.9,9.0/9.0/9.0,False
20260518_214725_baseline,baseline,rule-based,1,5,True,100,0,0.25,0,1,124,100.0,8.0/8.0/8.0,False
20260518_214727_baseline,baseline,rule-based,1,5,True,100,0,0.25,0,1,123,100.0,8.0/8.0/8.0,False
20260518_214738_baseline,baseline,rule-based,1,5,True,100,0,0.5,0,1,120,100.0,5.0/5.0/5.0,False
20260518_214741_baseline,baseline,rule-based,1,5,True,100,0,0.5,0,1,120,100.0,5.0/5.0/5.0,False
20260518_214744_baseline,baseline,rule-based,1,5,True,100,0,0.5,0,1,120,100.0,5.0/5.0/5.0,False
20260518_214746_baseline,baseline,rule-based,1,5,True,100,0,0.5,0,1,120,100.0,5.0/5.0/5.0,False
20260518_214800_baseline,baseline,rule-based,1,5,True,100,0,0.75,0,1,120,100.0,4.0/4.0/4.0,False
20260518_214803_baseline,baseline,rule-based,1,5,True,100,0,0.75,0,1,120,100.0,4.0/4.0/4.0,False
20260518_214805_baseline,baseline,rule-based,1,5,True,100,0,0.75,0,1,120,100.0,4.0/4.0/4.0,False
20260518_214816_baseline,baseline,rule-based,1,5,True,100,0,1,0,1,120,100.0,3.0/3.0/3.0,False
20260518_214819_baseline,baseline,rule-based,1,5,True,100,0,1,0,1,120,100.0,3.0/3.0/3.0,False
20260518_214822_baseline,baseline,rule-based,1,5,True,100,0,1,0,1,120,100.0,3.0/3.0/3.0,False
20260518_214824_baseline,baseline,rule-based,1,5,True,100,0,1,0,1,120,100.0,3.0/3.0/3.0,False
20260518_214839_baseline,baseline,rule-based,1,5,True,100,0.25,0,0,1,122,0.0,0.0/0.0/0.0,True
20260518_214842_baseline,baseline,rule-based,1,5,True,100,0.25,0,0,1,121,0.0,nan/nan/nan,True
20260518_214900_baseline,baseline,rule-based,1,5,True,100,0.25,0.25,0,1,120,0.0,0.0/0.0/0.0,True
20260518_214944_baseline,baseline,rule-based,1,5,True,100,0.25,0.75,0,1,120,100.0,5.0/5.0/5.0,False
20260518_214946_baseline,baseline,rule-based,1,5,True,100,0.25,0.75,0,1,120,100.0,5.0/5.0/5.0,False
20260518_215000_baseline,baseline,rule-based,1,5,True,100,0.25,1,0,1,120,100.0,3.0/3.0/3.0,False
20260518_215003_baseline,baseline,rule-based,1,5,True,100,0.25,1,0,1,120,100.0,3.0/3.0/3.0,False
20260518_215004_baseline,baseline,rule-based,1,5,True,100,0.25,1,0,1,120,100.0,4.0/4.0/4.0,False
20260518_215006_baseline,baseline,rule-based,1,5,True,100,0.25,1,0,1,120,100.0,3.0/3.0/3.0,False
20260518_215020_baseline,baseline,rule-based,1,5,True,100,0.5,0,0,1,120,0.0,0.0/0.0/0.0,True
20260518_215021_baseline,baseline,rule-based,1,5,True,100,0.5,0,0,1,122,0.0,0.0/0.0/0.0,True
20260518_215041_baseline,baseline,rule-based,1,5,True,100,0.5,0.25,0,1,120,0.0,0.0/0.0/0.0,True
20260518_215045_baseline,baseline,rule-based,1,5,True,100,0.5,0.25,0,1,120,0.0,0.0/0.0/0.0,True
20260518_215103_baseline,baseline,rule-based,1,5,True,100,0.5,0.5,0,1,120,0.0,0.0/0.0/0.0,True
20260518_215107_baseline,baseline,rule-based,1,5,True,100,0.5,0.5,0,1,120,0.0,0.0/0.0/0.0,True
20260518_215109_baseline,baseline,rule-based,1,5,True,100,0.5,0.5,0,1,124,0.0,0.0/0.0/0.0,True
20260518_215112_baseline,baseline,rule-based,1,5,True,100,0.5,0.5,0,1,120,0.0,0.0/0.0/0.0,True
20260518_215132_baseline,baseline,rule-based,1,5,True,100,0.5,0.75,0,1,121,21.0,7.0/7.0/nan,False
20260518_215135_baseline,baseline,rule-based,1,5,True,100,0.5,0.75,0,1,120,98.3,17.0/20.0/15.0,False
20260518_215136_baseline,baseline,rule-based,1,5,True,100,0.5,0.75,0,1,121,4.0,nan/nan/nan,False
20260518_215138_baseline,baseline,rule-based,1,5,True,100,0.5,0.75,0,1,122,100.0,6.0/6.0/6.0,False
20260518_215158_baseline,baseline,rule-based,1,5,True,100,0.5,1,0,1,120,100.0,6.0/5.0/6.0,False
20260518_215200_baseline,baseline,rule-based,1,5,True,100,0.5,1,0,1,123,99.8,9.0/9.0/11.0,False
20260518_215201_baseline,baseline,rule-based,1,5,True,100,0.5,1,0,1,120,100.0,4.0/4.0/4.0,False
20260518_215202_baseline,baseline,rule-based,1,5,True,100,0.5,1,0,1,122,100.0,4.0/4.0/4.0,False
20260518_215225_baseline,baseline,rule-based,1,5,True,100,0.75,0,0,1,122,0.0,0.0/0.0/0.0,True
20260518_215247_baseline,baseline,rule-based,1,5,True,100,0.75,0.25,0,1,122,0.0,nan/nan/nan,True
20260518_215250_baseline,baseline,rule-based,1,5,True,100,0.75,0.25,0,1,120,0.0,0.0/0.0/0.0,True
20260518_215251_baseline,baseline,rule-based,1,5,True,100,0.75,0.25,0,1,120,0.0,0.0/0.0/0.0,True
20260518_215252_baseline,baseline,rule-based,1,5,True,100,0.75,0.25,0,1,120,0.0,0.0/0.0/0.0,True
20260518_215313_baseline,baseline,rule-based,1,5,True,100,0.75,0.5,0,1,120,0.0,0.0/0.0/0.0,True
20260518_215314_baseline,baseline,rule-based,1,5,True,100,0.75,0.5,0,1,123,0.0,nan/nan/nan,True
20260518_215316_baseline,baseline,rule-based,1,5,True,100,0.75,0.5,0,1,121,0.0,0.0/0.0/0.0,True
20260518_215336_baseline,baseline,rule-based,1,5,True,100,0.75,0.75,0,1,120,0.0,0.0/0.0/0.0,True
20260518_215338_baseline,baseline,rule-based,1,5,True,100,0.75,0.75,0,1,120,0.0,0.0/0.0/0.0,True
20260518_215339_baseline,baseline,rule-based,1,5,True,100,0.75,0.75,0,1,120,0.0,0.0/0.0/0.0,True
20260518_215354_baseline,baseline,rule-based,1,5,True,100,0.75,1,0,1,120,100.0,8.0/8.0/7.0,False
20260518_215357_baseline,baseline,rule-based,1,5,True,100,0.75,1,0,1,121,5.0,nan/nan/nan,False
20260518_215400_baseline,baseline,rule-based,1,5,True,100,0.75,1,0,1,120,99.4,13.0/13.0/13.0,False
20260518_215423_baseline,baseline,rule-based,1,5,True,100,1,0,0,1,122,0.0,0.0/0.0/0.0,True
20260518_215424_baseline,baseline,rule-based,1,5,True,100,1,0,0,1,120,0.0,0.0/0.0/0.0,True
20260518_215426_baseline,baseline,rule-based,1,5,True,100,1,0,0,1,121,0.0,0.0/0.0/0.0,True
20260518_215427_baseline,baseline,rule-based,1,5,True,100,1,0,0,1,120,0.0,0.0/0.0/0.0,True
20260518_215446_baseline,baseline,rule-based,1,5,True,100,1,0.25,0,1,120,0.0,0.0/0.0/0.0,True
20260518_215447_baseline,baseline,rule-based,1,5,True,100,1,0.25,0,1,121,,nan/nan/nan,False
20260518_215449_baseline,baseline,rule-based,1,5,True,100,1,0.25,0,1,121,,nan/nan/nan,False
20260518_215450_baseline,baseline,rule-based,1,5,True,100,1,0.25,0,1,121,0.0,nan/nan/nan,True
20260518_215451_baseline,baseline,rule-based,1,5,True,100,1,0.25,0,1,120,0.0,0.0/0.0/0.0,True
20260518_215452_baseline,baseline,rule-based,1,5,True,100,1,0.25,0,1,120,0.0,0.0/0.0/0.0,True
20260518_215534_baseline,baseline,rule-based,1,5,True,100,1,0.75,0,1,120,0.0,0.0/0.0/0.0,True
20260518_215604_baseline,baseline,rule-based,1,5,True,100,1,1,0,1,121,0.0,0.0/0.0/0.0,True
20260518_215620_baseline,baseline,rule-based,1,5,True,100,0,1,0,1,120,100.0,3.0/3.0/3.0,False
20260518_215623_baseline,baseline,rule-based,1,5,True,100,0,1,0,1,120,100.0,3.0/3.0/3.0,False
20260518_215624_baseline,baseline,rule-based,1,5,True,100,0,1,0,1,120,100.0,3.0/3.0/3.0,False
20260518_215625_baseline,baseline,rule-based,1,5,True,100,0,1,0,1,120,100.0,3.0/3.0/3.0,False
20260518_215626_baseline,baseline,rule-based,1,5,True,100,0,1,0,1,120,100.0,3.0/3.0/3.0,False
20260518_215627_baseline,baseline,rule-based,1,5,True,100,0,1,0,1,120,100.0,3.0/3.0/3.0,False
20260518_215644_baseline,baseline,rule-based,1,5,True,100,0,1,0,1,120,100.0,3.0/3.0/3.0,False
20260518_215647_baseline,baseline,rule-based,1,5,True,100,0,1,0,1,120,100.0,3.0/3.0/3.0,False
20260518_215649_baseline,baseline,rule-based,1,5,True,100,0,1,0,1,120,100.0,3.0/3.0/3.0,False
20260518_215650_baseline,baseline,rule-based,1,5,True,100,0,1,0,1,120,100.0,3.0/3.0/3.0,False
20260518_215651_baseline,baseline,rule-based,1,5,True,100,0,1,0,1,120,100.0,3.0/3.0/3.0,False
20260518_215710_baseline,baseline,rule-based,1,5,True,100,0,1,0,1,120,100.0,3.0/3.0/3.0,False
20260518_215715_baseline,baseline,rule-based,1,5,True,100,0,1,0,1,120,100.0,3.0/3.0/3.0,False
20260518_215731_baseline,baseline,rule-based,1,5,True,100,0,1,0,1,120,100.0,3.0/3.0/3.0,False
20260518_215734_baseline,baseline,rule-based,1,5,True,100,0,1,0,1,120,100.0,3.0/3.0/3.0,False
20260518_215735_baseline,baseline,rule-based,1,5,True,100,0,1,0,1,120,100.0,3.0/3.0/3.0,False
20260518_215736_baseline,baseline,rule-based,1,5,True,100,0,1,0,1,120,100.0,3.0/3.0/3.0,False
20260518_215737_baseline,baseline,rule-based,1,5,True,100,0,1,0,1,120,100.0,3.0/3.0/3.0,False
20260518_215738_baseline,baseline,rule-based,1,5,True,100,0,1,0,1,120,100.0,3.0/3.0/3.0,False
20260518_215739_baseline,baseline,rule-based,1,5,True,100,0,1,0,1,120,100.0,3.0/3.0/3.0,False
20260518_215754_baseline,baseline,rule-based,1,5,True,100,0,1,0,1,120,100.0,3.0/3.0/3.0,False
20260518_215757_baseline,baseline,rule-based,1,5,True,100,0,1,0,1,120,100.0,3.0/3.0/3.0,False
20260518_215758_baseline,baseline,rule-based,1,5,True,100,0,1,0,1,120,100.0,3.0/3.0/3.0,False
20260518_215759_baseline,baseline,rule-based,1,5,True,100,0,1,0,1,120,100.0,3.0/3.0/3.0,False
20260518_215800_baseline,baseline,rule-based,1,5,True,100,0,1,0,1,120,100.0,3.0/3.0/3.0,False
20260518_215801_baseline,baseline,rule-based,1,5,True,100,0,1,0,1,120,100.0,3.0/3.0/3.0,False
20260518_215816_baseline,baseline,rule-based,1,5,True,100,0,1,0,1,120,100.0,3.0/3.0/3.0,False
20260518_215819_baseline,baseline,rule-based,1,5,True,100,0,1,0,1,120,100.0,3.0/3.0/3.0,False
20260518_215820_baseline,baseline,rule-based,1,5,True,100,0,1,0,1,120,100.0,3.0/3.0/3.0,False
20260518_215822_baseline,baseline,rule-based,1,5,True,100,0,1,0,1,120,100.0,3.0/3.0/3.0,False
20260518_215823_baseline,baseline,rule-based,1,5,True,100,0,1,0,1,120,100.0,3.0/3.0/3.0,False
20260518_215824_baseline,baseline,rule-based,1,5,True,100,0,1,0,1,120,100.0,3.0/3.0/3.0,False
20260518_215839_baseline,baseline,rule-based,1,5,True,100,0,1,0,1,120,100.0,3.0/3.0/3.0,False
20260518_215842_baseline,baseline,rule-based,1,5,True,100,0,1,0,1,120,100.0,3.0/3.0/3.0,False
20260518_215843_baseline,baseline,rule-based,1,5,True,100,0,1,0,1,120,100.0,3.0/3.0/3.0,False
20260518_215845_baseline,baseline,rule-based,1,5,True,100,0,1,0,1,120,100.0,3.0/3.0/3.0,False
20260518_215847_baseline,baseline,rule-based,1,5,True,100,0,1,0,1,120,100.0,3.0/3.0/3.0,False
20260518_215906_baseline,baseline,rule-based,1,5,True,100,0,1,0,1,120,100.0,3.0/3.0/3.0,False
20260518_215908_baseline,baseline,rule-based,1,5,True,100,0,1,0,1,120,100.0,3.0/3.0/3.0,False
20260518_215910_baseline,baseline,rule-based,1,5,True,100,0,1,0,1,120,100.0,3.0/3.0/3.0,False
20260518_215925_baseline,baseline,rule-based,1,5,True,100,0,1,0,1,120,100.0,3.0/3.0/3.0,False
20260518_215928_baseline,baseline,rule-based,1,5,True,100,0,1,0,1,120,100.0,3.0/3.0/3.0,False
20260518_215933_baseline,baseline,rule-based,1,5,True,100,0,1,0,1,120,100.0,3.0/3.0/3.0,False
20260518_215948_baseline,baseline,rule-based,1,5,True,100,0,1,0,1,120,100.0,3.0/3.0/3.0,False
20260518_215951_baseline,baseline,rule-based,1,5,True,100,0,1,0,1,120,100.0,3.0/3.0/3.0,False
20260518_215954_baseline,baseline,rule-based,1,5,True,100,0,1,0,1,120,100.0,3.0/3.0/3.0,False
20260518_215956_baseline,baseline,rule-based,1,5,True,100,0,1,0,1,120,100.0,3.0/3.0/3.0,False
20260518_220011_baseline,baseline,rule-based,1,5,True,100,0,1,0,1,120,100.0,3.0/3.0/3.0,False
20260518_220014_baseline,baseline,rule-based,1,5,True,100,0,1,0,1,120,100.0,3.0/3.0/3.0,False
20260518_220015_baseline,baseline,rule-based,1,5,True,100,0,1,0,1,120,100.0,3.0/3.0/3.0,False
20260518_220017_baseline,baseline,rule-based,1,5,True,100,0,1,0,1,120,100.0,3.0/3.0/3.0,False
20260518_220018_baseline,baseline,rule-based,1,5,True,100,0,1,0,1,120,100.0,3.0/3.0/3.0,False
20260518_220019_baseline,baseline,rule-based,1,5,True,100,0,1,0,1,120,100.0,3.0/3.0/3.0,False
20260518_220037_baseline,baseline,rule-based,1,5,True,100,0,1,0,1,120,100.0,3.0/3.0/3.0,False
20260518_220038_baseline,baseline,rule-based,1,5,True,100,0,1,0,1,120,100.0,3.0/3.0/3.0,False
20260518_220040_baseline,baseline,rule-based,1,5,True,100,0,1,0,1,120,100.0,3.0/3.0/3.0,False
20260518_220042_baseline,baseline,rule-based,1,5,True,100,0,1,0,1,120,100.0,3.0/3.0/3.0,False
20260518_220101_baseline,baseline,rule-based,1,5,True,100,0,1,0,1,120,100.0,3.0/3.0/3.0,False
20260518_220102_baseline,baseline,rule-based,1,5,True,100,0,1,0,1,120,100.0,3.0/3.0/3.0,False
20260518_220103_baseline,baseline,rule-based,1,5,True,100,0,1,0,1,120,100.0,3.0/3.0/3.0,False
20260518_220104_baseline,baseline,rule-based,1,5,True,100,0,1,0,1,120,100.0,3.0/3.0/3.0,False
20260518_220105_baseline,baseline,rule-based,1,5,True,100,0,1,0,1,120,100.0,3.0/3.0/3.0,False
20260518_220120_baseline,baseline,rule-based,1,5,True,100,0,1,0,1,120,100.0,2.0/3.0/3.0,False
20260518_220124_baseline,baseline,rule-based,1,5,True,100,0,1,0,1,120,100.0,2.0/3.0/3.0,False
20260518_220126_baseline,baseline,rule-based,1,5,True,100,0,1,0,1,124,100.0,2.0/3.0/3.0,False
20260518_220128_baseline,baseline,rule-based,1,5,True,100,0,1,0,1,120,100.0,2.0/3.0/3.0,False
20260518_220143_baseline,baseline,rule-based,1,5,True,100,0,1,0,1,120,100.0,2.0/2.0/3.0,False
20260518_220146_baseline,baseline,rule-based,1,5,True,100,0,1,0,1,120,100.0,2.0/2.0/3.0,False
20260518_220147_baseline,baseline,rule-based,1,5,True,100,0,1,0,1,120,100.0,2.0/2.0/3.0,False
20260518_220148_baseline,baseline,rule-based,1,5,True,100,0,1,0,1,120,100.0,2.0/2.0/3.0,False
20260518_220149_baseline,baseline,rule-based,1,5,True,100,0,1,0,1,120,100.0,2.0/2.0/3.0,False
20260518_220150_baseline,baseline,rule-based,1,5,True,100,0,1,0,1,120,100.0,2.0/2.0/3.0,False
20260518_220151_baseline,baseline,rule-based,1,5,True,100,0,1,0,1,120,100.0,2.0/2.0/3.0,False
20260518_220211_baseline,baseline,rule-based,1,5,True,100,0,1,0,1,120,100.0,3.0/4.0/3.0,False
20260518_220213_baseline,baseline,rule-based,1,5,True,100,0,1,0,1,124,100.0,2.0/2.0/3.0,False
20260518_220214_baseline,baseline,rule-based,1,5,True,100,0,1,0,1,120,99.2,5.0/15.0/24.0,False
20260518_220258_baseline,baseline,rule-based,1,5,True,100,0.5,1,0,1,121,0.0413,7.0/nan/nan,False
20260518_220300_baseline,baseline,rule-based,1,5,True,100,0.5,1,0,1,121,100.0,8.0/9.0/8.0,False
20260518_220302_baseline,baseline,rule-based,1,5,True,100,0.5,1,0,1,120,100.0,4.0/4.0/4.0,False
20260518_220303_baseline,baseline,rule-based,1,5,True,100,0.5,1,0,1,120,100.0,5.0/7.0/8.0,False
20260518_220347_baseline,baseline,rule-based,1,5,True,100,0.5,1,0,1,144,99.9,8.0/9.0/8.0,False
20260518_220408_baseline,baseline,rule-based,1,5,True,100,0.5,1,0,1,142,100.0,8.0/6.0/5.0,False
20260518_220409_baseline,baseline,rule-based,1,5,True,100,0.5,1,0,1,144,100.0,5.0/6.0/4.0,False
20260518_220410_baseline,baseline,rule-based,1,5,True,100,0.5,1,0,1,120,99.3,6.0/12.0/23.0,False
20260518_220411_baseline,baseline,rule-based,1,5,True,100,0.5,1,0,1,120,99.0,6.0/15.0/25.0,False
20260518_220413_baseline,baseline,rule-based,1,5,True,100,0.5,1,0,1,121,100.0,4.0/5.0/4.0,False
20260518_220432_baseline,baseline,rule-based,1,5,True,100,1,1,0,1,128,0.0,0.0/0.0/0.0,True
20260518_220435_baseline,baseline,rule-based,1,5,True,100,1,1,0,1,120,0.0,0.0/0.0/0.0,True
20260518_220459_baseline,baseline,rule-based,1,5,True,100,1,1,0,1,122,0.0,nan/nan/nan,True
20260518_220500_baseline,baseline,rule-based,1,5,True,100,1,1,0,1,131,0.0,0.0/0.0/0.0,True
20260518_220502_baseline,baseline,rule-based,1,5,True,100,1,1,0,1,123,0.0,0.0/0.0/0.0,True
20260518_220521_baseline,baseline,rule-based,1,5,True,100,1,1,0,1,149,99.2,5.0/14.0/24.0,False
20260518_220522_baseline,baseline,rule-based,1,5,True,100,1,1,0,1,120,0.0,0.0/0.0/0.0,True
20260518_220523_baseline,baseline,rule-based,1,5,True,100,1,1,0,1,120,0.0,0.0/0.0/0.0,True
20260518_220525_baseline,baseline,rule-based,1,5,True,100,1,1,0,1,120,0.0,0.0/0.0/0.0,True
20260518_220546_baseline,baseline,rule-based,1,5,True,100,1,1,0,1,120,0.0,0.0/0.0/0.0,True
20260518_220547_baseline,baseline,rule-based,1,5,True,100,1,1,0,1,120,0.0,0.0/0.0/0.0,True
20260518_220548_baseline,baseline,rule-based,1,5,True,100,1,1,0,1,120,99.0,6.0/16.0/24.0,False
20260518_220550_baseline,baseline,rule-based,1,5,True,100,1,1,0,1,135,0.0,0.0/0.0/0.0,True
20260518_220610_baseline,baseline,rule-based,1,5,True,100,1,1,0,1,120,99.2,5.0/14.0/25.0,False
20260518_220634_baseline,baseline,rule-based,1,5,True,50,0,1,0,1,120,100.0,3.0/3.0/3.0,False
20260518_220636_baseline,baseline,rule-based,1,5,True,50,0,1,0,1,120,100.0,4.0/4.0/4.0,False
20260518_220639_baseline,baseline,rule-based,1,5,True,50,0,1,0,1,120,100.0,3.0/3.0/3.0,False
20260518_220657_baseline,baseline,rule-based,1,5,True,50,0.25,1,0,1,122,100.0,3.0/3.0/3.0,False
20260518_220658_baseline,baseline,rule-based,1,5,True,50,0.25,1,0,1,120,100.0,3.0/3.0/3.0,False
20260518_220659_baseline,baseline,rule-based,1,5,True,50,0.25,1,0,1,120,100.0,3.0/3.0/3.0,False
20260518_220700_baseline,baseline,rule-based,1,5,True,50,0.25,1,0,1,121,,nan/nan/nan,False
20260518_220702_baseline,baseline,rule-based,1,5,True,50,0.25,1,0,1,120,100.0,3.0/3.0/3.0,False
20260518_220722_baseline,baseline,rule-based,1,5,True,50,0.5,1,0,1,123,100.0,5.0/5.0/6.0,False
20260518_220724_baseline,baseline,rule-based,1,5,True,50,0.5,1,0,1,120,100.0,5.0/5.0/6.0,False
20260518_220725_baseline,baseline,rule-based,1,5,True,50,0.5,1,0,1,122,99.8,8.0/10.0/10.0,False
20260518_220727_baseline,baseline,rule-based,1,5,True,50,0.5,1,0,1,121,,nan/nan/nan,False
20260518_220746_baseline,baseline,rule-based,1,5,True,50,0.75,1,0,1,120,100.0,3.0/3.0/4.0,False
20260518_220750_baseline,baseline,rule-based,1,5,True,50,0.75,1,0,1,121,,nan/nan/nan,False
20260518_220752_baseline,baseline,rule-based,1,5,True,50,0.75,1,0,1,120,99.2,15.0/14.0/15.0,False
20260518_220813_baseline,baseline,rule-based,1,5,True,50,1,1,0,1,122,0.0,0.0/0.0/0.0,True
20260518_220815_baseline,baseline,rule-based,1,5,True,50,1,1,0,1,120,0.0,0.0/0.0/0.0,True
20260518_220816_baseline,baseline,rule-based,1,5,True,50,1,1,0,1,120,0.0,0.0/0.0/0.0,True
20260518_220818_baseline,baseline,rule-based,1,5,True,50,1,1,0,1,120,0.0,0.0/0.0/0.0,True
20260518_220834_baseline,baseline,rule-based,1,5,True,75,0,1,0,1,120,100.0,3.0/3.0/3.0,False
20260518_220837_baseline,baseline,rule-based,1,5,True,75,0,1,0,1,120,100.0,3.0/3.0/3.0,False
20260518_220840_baseline,baseline,rule-based,1,5,True,75,0,1,0,1,120,100.0,3.0/3.0/3.0,False
20260518_220842_baseline,baseline,rule-based,1,5,True,75,0,1,0,1,120,100.0,3.0/3.0/3.0,False
20260518_220843_baseline,baseline,rule-based,1,5,True,75,0,1,0,1,120,100.0,3.0/3.0/3.0,False
20260518_220904_baseline,baseline,rule-based,1,5,True,75,0.25,1,0,1,120,100.0,4.0/4.0/4.0,False
20260518_220905_baseline,baseline,rule-based,1,5,True,75,0.25,1,0,1,120,100.0,3.0/3.0/3.0,False
20260518_220907_baseline,baseline,rule-based,1,5,True,75,0.25,1,0,1,120,100.0,5.0/5.0/5.0,False
20260518_220926_baseline,baseline,rule-based,1,5,True,75,0.5,1,0,1,120,100.0,3.0/4.0/10.0,False
20260518_220928_baseline,baseline,rule-based,1,5,True,75,0.5,1,0,1,120,99.7,12.0/10.0/11.0,False
20260518_220929_baseline,baseline,rule-based,1,5,True,75,0.5,1,0,1,123,100.0,4.0/5.0/4.0,False
20260518_220931_baseline,baseline,rule-based,1,5,True,75,0.5,1,0,1,120,100.0,6.0/6.0/6.0,False
20260518_220932_baseline,baseline,rule-based,1,5,True,75,0.5,1,0,1,120,100.0,3.0/4.0/3.0,False
20260518_220950_baseline,baseline,rule-based,1,5,True,75,0.75,1,0,1,120,100.0,5.0/5.0/4.0,False
20260518_220951_baseline,baseline,rule-based,1,5,True,75,0.75,1,0,1,121,13.0,4.0/4.0/nan,False
20260518_220955_baseline,baseline,rule-based,1,5,True,75,0.75,1,0,1,120,100.0,3.0/4.0/4.0,False
20260518_220957_baseline,baseline,rule-based,1,5,True,75,0.75,1,0,1,120,100.0,9.0/8.0/8.0,False
20260518_221023_baseline,baseline,rule-based,1,5,True,75,1,1,0,1,120,0.0,0.0/0.0/0.0,True
20260518_221042_baseline,baseline,rule-based,1,5,True,100,0,1,0,1,120,100.0,3.0/3.0/3.0,False
20260518_221045_baseline,baseline,rule-based,1,5,True,100,0,1,0,1,120,100.0,3.0/3.0/3.0,False
20260518_221046_baseline,baseline,rule-based,1,5,True,100,0,1,0,1,120,100.0,3.0/3.0/3.0,False
20260518_221048_baseline,baseline,rule-based,1,5,True,100,0,1,0,1,120,100.0,3.0/3.0/3.0,False
20260518_221107_baseline,baseline,rule-based,1,5,True,100,0.25,1,0,1,121,9.0,3.0/3.0/nan,False
20260518_221135_baseline,baseline,rule-based,1,5,True,100,0.5,1,0,1,120,100.0,7.0/7.0/7.0,False
20260518_221136_baseline,baseline,rule-based,1,5,True,100,0.5,1,0,1,120,99.3,16.0/16.0/11.0,False
20260518_221138_baseline,baseline,rule-based,1,5,True,100,0.5,1,0,1,121,6.0,nan/nan/nan,False
20260518_221202_baseline,baseline,rule-based,1,5,True,100,0.75,1,0,1,120,99.7,10.0/12.0/11.0,False
20260518_221203_baseline,baseline,rule-based,1,5,True,100,0.75,1,0,1,120,96.1,22.0/25.0/23.0,False
20260518_221205_baseline,baseline,rule-based,1,5,True,100,0.75,1,0,1,120,97.2,20.0/19.0/20.0,False
20260518_221225_baseline,baseline,rule-based,1,5,True,100,1,1,0,1,121,0.0,0.0/0.0/0.0,True
20260518_221228_baseline,baseline,rule-based,1,5,True,100,1,1,0,1,120,0.0,0.0/0.0/0.0,True
20260518_221229_baseline,baseline,rule-based,1,5,True,100,1,1,0,1,124,0.0,0.0/0.0/nan,True
20260518_221232_baseline,baseline,rule-based,1,5,True,100,1,1,0,1,120,0.0,0.0/0.0/0.0,True
20260519_063627_full-gabm,full-gabm,gemma4:e4b,0,5,True,100,0.5,1,0,1,107,0.0,23.0/33.0/41.0,True
20260519_132138_baseline,baseline,rule-based,0.5,5,True,100,0.5,0.5,0.5,0.5,56,0.0,0.0/0.0/0.0,True
20260519_132444_full-gabm,full-gabm,claude-haiku-4-5,1,5,True,100,0,1,0,1,8,98.2,15.0/15.0/25.0,False
20260519_183729_full-gabm,full-gabm,gemma4:e4b,0,5,True,100,0.5,1,0,1,99,0.0,17.0/24.0/24.0,True
20260520_053231_full-gabm,full-gabm,gemma4:e4b,0,5,True,100,0.5,1,0,1,77,0.0,9.0/20.0/26.0,True
20260520_145101_full-gabm,full-gabm,claude-haiku-4-5,0.5,5,True,50,0,0.5,0.5,0.5,2,54.1,7.0/17.0/27.0,False
20260520_145121_full-gabm,full-gabm,claude-haiku-4-5,0.5,5,True,50,0,0.5,0.5,0.5,1,52.9,5.0/15.0/25.0,False
20260520_202340_full-gabm,full-gabm,gpt-4o-mini,1,5,True,60,0,1,0,1,77,99.7,10.0/4.0/19.0,False
20260520_202848_full-gabm,full-gabm,gpt-4o-mini,1,0,True,60,0,1,0,1,120,100.0,2.0/7.0/7.0,False
20260520_204028_full-gabm,full-gabm,gpt-4o-mini,1,0,True,60,0,1,0,1,120,99.2,10.0/17.0/17.0,False
20260520_205355_full-gabm,full-gabm,gpt-4o-mini,1,0,True,60,0,1,0,1,120,99.4,9.0/11.0/21.0,False
20260520_211156_full-gabm,full-gabm,gpt-4o-mini,0.49,5,True,60,0,1,0,1,120,100.0,2.0/1.0/3.0,False
20260520_211439_full-gabm,full-gabm,gpt-5.5,1,0,True,60,0,1,0,1,90,99.8,10.0/10.0/10.0,False
20260520_212347_full-gabm,full-gabm,gpt-4o-mini,0.49,5,True,60,0,1,0,1,120,100.0,1.0/3.0/17.0,False
20260520_213607_baseline,baseline,rule-based,1,5,True,100,0,1,0,1,48,100.0,3.0/3.0/3.0,False
20260520_213608_baseline,baseline,rule-based,1,5,True,100,0,1,0,1,61,100.0,3.0/3.0/3.0,False
20260520_213629_full-gabm,full-gabm,gpt-4o-mini,0.49,5,True,60,0,1,0,1,120,100.0,1.0/0.0/1.0,False
20260520_213647_full-gabm,full-gabm,gpt-5.5,0.49,0,True,60,0,1,0,1,120,99.4,13.0/13.0/13.0,False
20260520_214151_full-gabm,full-gabm,gpt-5.5,0.49,0,True,60,0,1,0,0,120,98.0,14.0/19.0/24.0,False
20260520_220504_full-gabm,full-gabm,gpt-5.5,0.49,0,True,60,0,1,0,1,120,99.7,11.0/11.0/11.0,False
20260520_221440_full-gabm,full-gabm,gpt-5.5,0.49,0,True,60,0,1,0,0,120,98.2,13.0/17.0/25.0,False
20260520_223519_full-gabm,full-gabm,gpt-5.5,0.49,0,True,60,0,1,0,1,120,99.1,15.0/15.0/15.0,False
20260520_224741_full-gabm,full-gabm,gpt-5.5,0.49,0,True,60,0,1,0,0,62,98.8,8.0/15.0/25.0,False
20260520_235351_full-gabm,full-gabm,gemma4:e4b,0,5,True,100,0.5,1,0,1,97,4.5,25.0/35.0/40.0,False
20260521_104227_full-gabm,full-gabm,gemma4:e4b,0,5,True,100,0.5,1,0,1,88,0.3,22.0/34.0/39.0,False
20260521_125737_baseline,baseline,rule-based,1,5,True,100,0,1,0,1,120,100.0,3.0/3.0/3.0,False
20260521_125753_baseline,baseline,rule-based,1,5,True,100,0,1,0,1,121,100.0,3.0/3.0/3.0,False
20260521_125924_baseline,baseline,rule-based,1,5,True,100,0,1,0,1,120,100.0,3.0/3.0/3.0,False
20260521_130205_baseline,baseline,rule-based,1,5,True,100,0,1,0,1,57,0.0,0.0/0.0/0.0,True
20260521_130212_baseline,baseline,rule-based,1,5,True,100,0,1,0,1,120,100.0,3.0/3.0/3.0,False
20260521_130224_baseline,baseline,rule-based,1,5,True,100,0,1,0,1,32,0.0,0.0/0.0/0.0,True
20260521_130230_baseline,baseline,rule-based,1,5,True,100,0,1,0,1,120,100.0,3.0/3.0/3.0,False
20260521_130939_baseline,baseline,rule-based,1,5,True,100,0,1,0,1,120,100.0,3.0/3.0/3.0,False
20260521_132520_baseline,baseline,rule-based,0.42,5,True,100,0,1,0,0.42,120,100.0,3.0/3.0/3.0,False
20260521_132528_baseline,baseline,rule-based,0.42,5,True,100,0,1,0,0.42,120,99.8,4.0/4.0/4.0,False
20260521_203911_full-gabm,full-gabm,gemma4:e4b,0,5,True,100,0.5,1,0,1,102,0.0,9.0/10.0/16.0,True
20260522_075537_full-gabm,full-gabm,gemma4:e4b,0,5,True,100,0.5,1,0,1,120,5.4,25.0/31.0/42.0,False
20260522_210526_full-gabm,full-gabm,gemma4:e4b,0,5,True,100,0.5,1,0,1,97,4.8,23.0/35.0/40.0,False
20260523_131342_full-gabm,full-gabm,llama3.2:3b-instruct-q4_0,0,5,True,100,0.5,1,0,1,59,97.3,26.0/8.0/27.0,False
20260523_140157_full-gabm,full-gabm,llama3.2:3b-instruct-q4_0,0,5,True,100,0.5,1,0,1,120,13.8,43.0/5.0/50.0,False
20260523_152844_full-gabm,full-gabm,llama3.2:3b-instruct-q4_0,0,5,True,100,0.5,1,0,1,120,95.5,18.0/16.0/38.0,False
20260523_165449_full-gabm,full-gabm,llama3.2:3b-instruct-q4_0,0,5,True,100,0.5,1,0,1,120,97.9,28.0/2.0/27.0,False
20260523_182210_full-gabm,full-gabm,llama3.2:3b-instruct-q4_0,0,5,True,100,0.5,1,0,1,120,94.5,23.0/1.0/50.0,False
20260523_194816_full-gabm,full-gabm,llama3.2:3b-instruct-q4_0,0,5,True,100,0.5,1,0,1,120,96.7,38.0/0.0/27.0,False
20260523_211851_full-gabm,full-gabm,llama3.2:3b-instruct-q4_0,0,5,True,100,0.5,1,0,1,120,95.6,27.0/9.0/34.0,False
20260523_224837_full-gabm,full-gabm,llama3.2:3b-instruct-q4_0,0,5,True,100,0.5,1,0,1,120,96.3,10.0/21.0/36.0,False
20260524_001355_full-gabm,full-gabm,llama3.2:3b-instruct-q4_0,0,5,True,100,0.5,1,0,1,97,2.5,44.0/7.0/51.0,False
20260524_012144_full-gabm,full-gabm,llama3.2:3b-instruct-q4_0,0,5,True,100,0.5,1,0,1,120,98.3,23.0/3.0/29.0,False
20260524_024856_full-gabm,full-gabm,llama3.2:3b-instruct-q4_0,0,5,True,100,0.5,1,0,1,120,97.9,28.0/9.0/21.0,False
20260524_072929_full-gabm,full-gabm,deepseek-r1:32b,0,5,True,100,0.5,1,0,1,2,98.9,6.0/15.0/27.0,False
20260524_101112_full-gabm,full-gabm,llama3.2:3b-instruct-q4_0,0,5,True,100,0.5,1,0,1,3,99.4,5.0/12.0/23.0,False
20260524_102543_full-gabm,full-gabm,llama3:8b-instruct-q4_0,0,5,True,100,0.5,1,0,1,80,0.0,8.0/20.0/23.0,True
20260524_105726_full-gabm,full-gabm,gemma4:26b,0,5,True,100,0.5,1,0,1,102,0.0,28.0/30.0/28.0,True
20260524_131611_full-gabm,full-gabm,llama3:8b-instruct-q4_0,0,5,True,100,0.5,1,0,1,80,0.0,9.0/17.0/21.0,True
20260524_142844_full-gabm,full-gabm,qwen2.5:14b,0,5,True,100,0.5,1,0,1,120,96.8,8.0/25.0/30.0,False
20260524_150624_full-gabm,full-gabm,qwen2.5:14b,0,5,True,100,0.5,1,0,1,45,98.8,4.0/19.0/24.0,False
20260524_162433_full-gabm,full-gabm,qwen2.5:14b,0,5,True,100,0.5,1,0,1,120,95.8,20.0/20.0/29.0,False
20260524_163245_full-gabm,full-gabm,llama3:8b-instruct-q4_0,0,5,True,100,0.5,1,0,1,75,3.3,19.0/39.0/46.0,False
20260524_170145_full-gabm,full-gabm,qwen2.5:14b,0,5,True,100,0.5,1,0,1,105,98.4,8.0/21.0/23.0,False
20260524_194336_full-gabm,full-gabm,llama3:8b-instruct-q4_0,0,5,True,100,0.5,1,0,1,88,0.0,17.0/16.0/25.0,True
20260524_195008_full-gabm,full-gabm,qwen2.5:14b,0,5,True,100,0.5,1,0,1,98,98.9,5.0/19.0/24.0,False
20260524_201929_full-gabm,full-gabm,qwen2.5:14b,0,5,True,100,0.5,1,0,1,120,98.6,5.0/20.0/26.0,False
20260524_205349_full-gabm,full-gabm,qwen2.5:14b,0,5,True,100,0.5,1,0,1,120,99.2,5.0/20.0/19.0,False
20260524_212901_full-gabm,full-gabm,qwen2.5:14b,0,5,True,100,0.5,1,0,1,120,96.9,14.0/22.0/28.0,False
20260524_220455_full-gabm,full-gabm,qwen2.5:14b,0,5,True,100,0.5,1,0,1,120,98.7,9.0/19.0/22.0,False
20260524_224043_full-gabm,full-gabm,qwen2.5:14b,0,5,True,100,0.5,1,0,1,120,99.3,2.0/14.0/26.0,False
20260524_231535_full-gabm,full-gabm,qwen2.5:14b,0,5,True,100,0.5,1,0,1,15,98.8,7.0/17.0/24.0,False
20260524_232100_full-gabm,full-gabm,llama3:8b-instruct-q4_0,0,5,True,100,0.5,1,0,1,63,3.1,14.0/41.0/50.0,False
20260524_232116_full-gabm,full-gabm,qwen2.5:14b,0.5,5,True,100,0,1,0,1,120,99.4,2.0/9.0/28.0,False
20260524_235639_full-gabm,full-gabm,qwen2.5:14b,0.5,5,True,100,0,1,0,1,120,100.0,0.0/6.0/17.0,False
20260525_003158_full-gabm,full-gabm,qwen2.5:14b,0.5,5,True,100,0,1,0,1,120,99.4,3.0/22.0/14.0,False
20260525_010622_full-gabm,full-gabm,qwen2.5:14b,0.5,5,True,100,0,1,0,1,120,99.8,0.0/11.0/18.0,False
20260525_014208_full-gabm,full-gabm,qwen2.5:14b,0.5,5,True,100,0,1,0,1,120,99.8,3.0/10.0/16.0,False
20260525_015238_full-gabm,full-gabm,llama3:8b-instruct-q4_0,0,5,True,100,0.5,1,0,1,79,0.0,5.0/14.0/14.0,True
20260525_021715_full-gabm,full-gabm,qwen2.5:14b,0.5,5,True,100,0,1,0,1,120,99.7,3.0/15.0/16.0,False
20260525_025225_full-gabm,full-gabm,qwen2.5:14b,0.5,5,True,100,0,1,0,1,120,99.4,4.0/16.0/21.0,False
20260525_032651_full-gabm,full-gabm,qwen2.5:14b,0.5,5,True,100,0,1,0,1,120,99.3,1.0/18.0/22.0,False
20260525_040051_full-gabm,full-gabm,qwen2.5:14b,0.5,5,True,100,0,1,0,1,120,99.2,5.0/17.0/21.0,False
20260525_043559_full-gabm,full-gabm,qwen2.5:14b,0.5,5,True,100,0,1,0,1,120,99.4,5.0/15.0/19.0,False
20260525_045321_full-gabm,full-gabm,llama3:8b-instruct-q4_0,0,5,True,100,0.5,1,0,1,73,0.0,10.0/32.0/33.0,True
20260525_051103_full-gabm,full-gabm,qwen2.5:14b,0.5,5,True,100,0,1,0,1,120,99.6,0.0/17.0/18.0,False
20260525_054455_full-gabm,full-gabm,qwen2.5:14b,0.5,5,True,100,0,1,0,1,120,99.9,3.0/9.0/13.0,False
20260525_061933_full-gabm,full-gabm,qwen2.5:14b,0.5,5,True,100,0,1,0,1,120,99.9,5.0/9.0/14.0,False
20260525_065450_full-gabm,full-gabm,qwen2.5:14b,0.5,5,True,100,0,1,0,1,120,99.1,1.0/18.0/26.0,False
20260525_072932_full-gabm,full-gabm,qwen2.5:14b,0.5,5,True,100,0,1,0,1,50,99.3,4.0/15.0/23.0,False
20260525_074757_full-gabm,full-gabm,llama3:8b-instruct-q4_0,0,5,True,100,0.5,1,0,1,67,0.0,12.0/12.0/23.0,True
20260525_082314_full-gabm,full-gabm,qwen2.5:14b,1,5,True,100,0,1,0,1,120,99.4,2.0/14.0/25.0,False
20260525_085604_full-gabm,full-gabm,qwen2.5:14b,1,5,True,100,0,1,0,1,120,100.0,0.0/1.0/7.0,False
20260525_090803_full-gabm,full-gabm,gemma4:26b,0,5,True,100,0.5,1,0,1,5,98.4,9.0/19.0/25.0,False
20260525_092911_full-gabm,full-gabm,qwen2.5:14b,1,5,True,100,0,1,0,1,120,99.7,1.0/11.0/21.0,False
20260525_100302_full-gabm,full-gabm,qwen2.5:14b,1,5,True,100,0,1,0,1,118,100.0,1.0/0.0/13.0,False
20260525_103104_full-gabm,full-gabm,llama3:8b-instruct-q4_0,0,5,True,100,0.5,1,0,1,5,98.3,7.0/19.0/28.0,False
20260525_103621_full-gabm,full-gabm,qwen2.5:14b,1,5,True,100,0,1,0,1,35,99.6,4.0/11.0/19.0,False
