tick,agent_id,backend,model,action,action_name,message,reasoning,pool_pct,own_herd,payoff_add,payoff_keep,payoff_remove
1,1,ollama,llama3.2:3b-instruct-q4_0,-1,REMOVE,"Considering Agent 0's recent move and the need for reciprocity, I think reducing our herd by one cow will demonstrate our commitment to fair play.",,100.0,15,31.832,30.0,28.163
1,0,ollama,llama3.2:3b-instruct-q4_0,-1,REMOVE,Good job on keeping your herd! Reciprocity dictates that you should reduce to match others' actions. Reducing will encourage reciprocity in the future.,,100.0,5,11.832,10.0,8.163
1,2,ollama,llama3.2:3b-instruct-q4_0,-1,REMOVE,"Noticing @Agent0 & @Agent1 have also removed cows, I respect our collective caution and opt not to add more cattle to our shared grassland.",,100.0,25,51.832,50.0,48.163
2,0,ollama,llama3.2:3b-instruct-q4_0,-1,REMOVE,Noticing @Agent2 has also removed cattle from our grassland. Reducing our herd will help sustain the community's shared resource.,,99.4,4,9.832,8.0,6.163
2,1,ollama,llama3.2:3b-instruct-q4_0,0,KEEP,,,99.4,14,29.832,28.0,26.163
2,2,ollama,llama3.2:3b-instruct-q4_0,-1,REMOVE,Reducing my herds to match @Agent0 and @Agent1's actions promotes shared decision-making and fairness.,,99.4,24,49.832,48.0,46.163
3,1,ollama,llama3.2:3b-instruct-q4_0,0,KEEP,,,99.4,14,29.839,28.0,26.156
3,2,ollama,llama3.2:3b-instruct-q4_0,0,KEEP,Reducing our herd to match @Agent0 & @Agent1's move will help sustain the community's shared resource.,,99.4,23,47.839,46.0,44.156
3,0,ollama,llama3.2:3b-instruct-q4_0,-1,REMOVE,Reducing my herd size to match @Agent1's for mutual benefit,,99.4,3,7.839,6.0,4.156
4,2,ollama,llama3.2:3b-instruct-q4_0,-1,REMOVE,Reducing my herd size to match + going to reduce our herd to match @Agent0 & @Agent1 for mutual benefit,,99.4,23,47.846,46.0,44.149
4,0,ollama,llama3.2:3b-instruct-q4_0,0,KEEP,,,99.4,2,5.846,4.0,2.149
4,1,ollama,llama3.2:3b-instruct-q4_0,0,KEEP,,,99.4,14,29.846,28.0,26.149
5,2,ollama,llama3.2:3b-instruct-q4_0,0,KEEP,,,99.4,22,45.851,44.0,42.145
5,1,ollama,llama3.2:3b-instruct-q4_0,1,ADD,,,99.4,14,29.851,28.0,26.145
5,0,ollama,llama3.2:3b-instruct-q4_0,-1,REMOVE,@Agent1 - reducing our herd will give us both more resources! Let's do it for the collective benefit,,99.4,2,5.851,4.0,2.145
6,2,ollama,llama3.2:3b-instruct-q4_0,0,KEEP,,,99.4,22,45.851,44.0,42.145
6,1,ollama,llama3.2:3b-instruct-q4_0,0,KEEP,,,99.4,15,31.851,30.0,28.145
6,0,ollama,llama3.2:3b-instruct-q4_0,-1,REMOVE,"@Agent1 - reducing our herd will give us a healthier and more sustainable commons, for all!",,99.4,1,3.851,2.0,0.145
7,0,ollama,llama3.2:3b-instruct-q4_0,0,KEEP,,,99.5,0,1.858,0.0,-1.863
7,2,ollama,llama3.2:3b-instruct-q4_0,0,KEEP,,,99.5,22,45.858,44.0,42.137
7,1,ollama,llama3.2:3b-instruct-q4_0,-1,REMOVE,@Agent0 - I'm willing to consider your perspective; keeping a balanced herd seems like the safest approach.,,99.5,15,31.858,30.0,28.137
8,0,ollama,llama3.2:3b-instruct-q4_0,1,ADD,,,99.5,0,1.863,0.0,-1.867
8,2,ollama,llama3.2:3b-instruct-q4_0,1,ADD,@Agent0 I appreciate your willingness to consider my point of view; I'll follow suit and reduce my herd by one cow.,,99.5,22,45.863,44.0,42.133
8,1,ollama,llama3.2:3b-instruct-q4_0,-1,REMOVE,"@Agent0 @Agent2 - We're all trying to find a balance here; if you reduce your herds, I'll consider reciprocating.",,99.5,14,29.863,28.0,26.133
9,2,ollama,llama3.2:3b-instruct-q4_0,1,ADD,,,99.5,23,47.858,46.0,44.137
9,1,ollama,llama3.2:3b-instruct-q4_0,0,KEEP,,,99.5,13,27.858,26.0,24.137
9,0,ollama,llama3.2:3b-instruct-q4_0,-1,REMOVE,"@Agent1 - I appreciate your openness and willingness to reciprocate, so I'm considering reducing my herd by one cow.",,99.5,1,3.858,2.0,0.137
10,1,ollama,llama3.2:3b-instruct-q4_0,1,ADD,,,99.5,13,27.858,26.0,24.137
10,2,ollama,llama3.2:3b-instruct-q4_0,1,ADD,@Agent0 @Agent1 Let's continue the cooperation! Removing an additional cow to balance the pool might be beneficial.,,99.5,24,49.858,48.0,46.137
10,0,ollama,llama3.2:3b-instruct-q4_0,1,ADD,@Agent1 @Agent2 - keeping our herd stable can maintain a good inter-agent relationship.,,99.5,0,1.858,0.0,-1.863
11,2,ollama,llama3.2:3b-instruct-q4_0,-1,REMOVE,@Agent0 @Agent1 Keeping our herd stable as we all coexist,,99.4,25,51.841,50.0,48.154
11,1,ollama,llama3.2:3b-instruct-q4_0,-1,REMOVE,@Agent0 @Agent2 - I'll join you in considering an additional removal in the next round.,,99.4,14,29.841,28.0,26.154
11,0,ollama,llama3.2:3b-instruct-q4_0,0,KEEP,@Agent1 @Agent2 - I think we're on the right track! Maintaining a stable herd size while respecting resource limitations seems like our most viable approach.,,99.4,1,3.841,2.0,0.154
12,0,ollama,llama3.2:3b-instruct-q4_0,1,ADD,@Agent1 @Agent2 - Adding a new cattle adds to overall stability and reinforces cooperative tendencies.,,99.4,1,3.851,2.0,0.145
12,2,ollama,llama3.2:3b-instruct-q4_0,0,KEEP,,,99.4,24,49.851,48.0,46.145
12,1,ollama,llama3.2:3b-instruct-q4_0,-1,REMOVE,@Agent0 @Agent2 - Good to see you both on the same page! Removing a cow will help us maintain resource balance.,,99.4,13,27.851,26.0,24.145
13,1,ollama,llama3.2:3b-instruct-q4_0,0,KEEP,,,99.4,12,25.851,24.0,22.145
13,0,ollama,llama3.2:3b-instruct-q4_0,-1,REMOVE,@Agent1 @Agent2 - Removing a cow will also demonstrate my commitment to maintaining resource balance,,99.4,2,5.851,4.0,2.145
13,2,ollama,llama3.2:3b-instruct-q4_0,1,ADD,,,99.4,24,49.851,48.0,46.145
14,1,ollama,llama3.2:3b-instruct-q4_0,0,KEEP,,,99.4,12,25.851,24.0,22.145
14,0,ollama,llama3.2:3b-instruct-q4_0,1,ADD,,,99.4,1,3.851,2.0,0.145
14,2,ollama,llama3.2:3b-instruct-q4_0,1,ADD,@Agent0 @Agent1 Let's add another cow for mutual benefit,,99.4,25,51.851,50.0,48.145
15,1,ollama,llama3.2:3b-instruct-q4_0,0,KEEP,,,99.4,12,25.839,24.0,22.156
15,0,ollama,llama3.2:3b-instruct-q4_0,1,ADD,,,99.4,2,5.839,4.0,2.156
15,2,ollama,llama3.2:3b-instruct-q4_0,0,KEEP,,,99.4,26,53.839,52.0,50.156
16,2,ollama,llama3.2:3b-instruct-q4_0,1,ADD,@Agent0 @Agent1 Might want to consider reducing their herd too!,,99.4,26,53.834,52.0,50.161
16,0,ollama,llama3.2:3b-instruct-q4_0,1,ADD,,,99.4,3,7.834,6.0,4.161
16,1,ollama,llama3.2:3b-instruct-q4_0,0,KEEP,,,99.4,12,25.834,24.0,22.161
17,0,ollama,llama3.2:3b-instruct-q4_0,1,ADD,,,99.3,4,9.823,8.0,6.173
17,1,ollama,llama3.2:3b-instruct-q4_0,0,KEEP,,,99.3,12,25.823,24.0,22.173
17,2,ollama,llama3.2:3b-instruct-q4_0,-1,REMOVE,@Agent0 @Agent1 Could we all try removing one cow together?,,99.3,27,55.823,54.0,52.173
18,1,ollama,llama3.2:3b-instruct-q4_0,0,KEEP,,,99.2,12,25.82,24.0,22.175
18,2,ollama,llama3.2:3b-instruct-q4_0,-1,REMOVE,@Agent0 @Agent1 May low-pressure some cows over the fence?,,99.2,26,53.82,52.0,50.175
18,0,ollama,llama3.2:3b-instruct-q4_0,-1,REMOVE,"@Agent1 @Agent2 - Removing together may lead to mutual benefits; however, cautious evaluation suggests individual actions prior lead to fewer gains. Proceeding under shared understanding reduces confl",,99.2,5,11.82,10.0,8.175
19,0,ollama,llama3.2:3b-instruct-q4_0,-1,REMOVE,@Agent2 @Agent1 - Another small step toward balance and mutual benefit.,,99.3,4,9.832,8.0,6.163
19,1,ollama,llama3.2:3b-instruct-q4_0,0,KEEP,,,99.3,12,25.832,24.0,22.163
19,2,ollama,llama3.2:3b-instruct-q4_0,0,KEEP,,,99.3,25,51.832,50.0,48.163
20,0,ollama,llama3.2:3b-instruct-q4_0,-1,REMOVE,@Agent1 @Agent2 - Low herd now to encourage future reductions,,99.4,3,7.839,6.0,4.156
20,2,ollama,llama3.2:3b-instruct-q4_0,-1,REMOVE,@Agent0 @Agent1 ADDing a cow could stabilize the commons and favor collaborative decisions,,99.4,25,51.839,50.0,48.156
20,1,ollama,llama3.2:3b-instruct-q4_0,1,ADD,,,99.4,12,25.839,24.0,22.156
21,0,ollama,llama3.2:3b-instruct-q4_0,1,ADD,,,99.4,2,5.846,4.0,2.149
21,1,ollama,llama3.2:3b-instruct-q4_0,-1,REMOVE,@Agent0 @Agent2 - Thanks for the advice! Removing one cow shows I respect your efforts to reduce our herds.,,99.4,13,27.846,26.0,24.149
21,2,ollama,llama3.2:3b-instruct-q4_0,0,KEEP,,,99.4,24,49.846,48.0,46.149
22,1,ollama,llama3.2:3b-instruct-q4_0,0,KEEP,,,99.4,12,25.846,24.0,22.149
22,0,ollama,llama3.2:3b-instruct-q4_0,-1,REMOVE,"@Agent1 @Agent2 - By reducing my herd as well, I demonstrate mutual respect for our shared goal.",,99.4,3,7.846,6.0,4.149
22,2,ollama,llama3.2:3b-instruct-q4_0,0,KEEP,,,99.4,24,49.846,48.0,46.149
23,1,ollama,llama3.2:3b-instruct-q4_0,0,KEEP,"Thanks for the advice, @Agent2! Keeping our herd size reasonable is key to maintaining a healthy Commons.",,99.4,12,25.851,24.0,22.145
23,2,ollama,llama3.2:3b-instruct-q4_0,-1,REMOVE,,,99.4,24,49.851,48.0,46.145
23,0,ollama,llama3.2:3b-instruct-q4_0,1,ADD,,,99.4,2,5.851,4.0,2.145
24,0,ollama,llama3.2:3b-instruct-q4_0,1,ADD,,,99.4,3,7.851,6.0,4.145
24,2,ollama,llama3.2:3b-instruct-q4_0,1,ADD,,,99.4,23,47.851,46.0,44.145
24,1,ollama,llama3.2:3b-instruct-q4_0,0,KEEP,,,99.4,12,25.851,24.0,22.145
25,0,ollama,llama3.2:3b-instruct-q4_0,0,KEEP,@Agent1 @Agent2 - Low herd now as a sign of restraint,,99.4,4,9.839,8.0,6.156
25,1,ollama,llama3.2:3b-instruct-q4_0,-1,REMOVE,,,99.4,12,25.839,24.0,22.156
25,2,ollama,llama3.2:3b-instruct-q4_0,1,ADD,@Agent0 @Agent1 Maintaining herd size helps maintain collective well-being.,,99.4,24,49.839,48.0,46.156
26,2,ollama,llama3.2:3b-instruct-q4_0,0,KEEP,,,99.4,25,51.839,50.0,48.156
26,0,ollama,llama3.2:3b-instruct-q4_0,0,KEEP,@Agent1 @Agent2 - Low herd now as a sign of cooperation,,99.4,4,9.839,8.0,6.156
26,1,ollama,llama3.2:3b-instruct-q4_0,0,KEEP,,,99.4,11,23.839,22.0,20.156
27,1,ollama,llama3.2:3b-instruct-q4_0,0,KEEP,,,99.4,11,23.839,22.0,20.156
27,0,ollama,llama3.2:3b-instruct-q4_0,1,ADD,,,99.4,4,9.839,8.0,6.156
27,2,ollama,llama3.2:3b-instruct-q4_0,0,KEEP,,,99.4,25,51.839,50.0,48.156
28,0,ollama,llama3.2:3b-instruct-q4_0,0,KEEP,@Agent1 @Agent2 - Low herd now as a sign,,99.4,5,11.834,10.0,8.161
28,2,ollama,llama3.2:3b-instruct-q4_0,0,KEEP,,,99.4,25,51.834,50.0,48.161
28,1,ollama,llama3.2:3b-instruct-q4_0,-1,REMOVE,"Considering our current herd sizes, maybe we should all KEEP and maintain a similar proportion in the pasture? – @Agent1",,99.4,11,23.834,22.0,20.161
29,0,ollama,llama3.2:3b-instruct-q4_0,1,ADD,,,99.4,5,11.839,10.0,8.156
29,1,ollama,llama3.2:3b-instruct-q4_0,0,KEEP,"@Agent0 @Agent2 - Considering our current pasture state and reduced risk of low-herd signaling, keeping our size seems prudent.",,99.4,10,21.839,20.0,18.156
29,2,ollama,llama3.2:3b-instruct-q4_0,-1,REMOVE,@Agent0 @Agent1 Keeping herds at proportional sizes might encourage mutual benefit – maintaining health while sharing resource. Might consider lowering herd next if underperforming.,,99.4,25,51.839,50.0,48.156
30,2,ollama,llama3.2:3b-instruct-q4_0,0,KEEP,,,99.4,24,49.839,48.0,46.156
30,1,ollama,llama3.2:3b-instruct-q4_0,0,KEEP,,,99.4,10,21.839,20.0,18.156
30,0,ollama,llama3.2:3b-instruct-q4_0,0,KEEP,"""@Agent1 @Agent2 - Reasonable choice given shared environment! Consider herd adjustments when necessary.""",,99.4,6,13.839,12.0,10.156
31,1,ollama,llama3.2:3b-instruct-q4_0,-1,REMOVE,"@Agent0 @Agent2 - Considering our current herd sizes, mayb it's wise to trim down and avoid competition? Our grassland remains plentiful.",,99.4,10,21.839,20.0,18.156
31,2,ollama,llama3.2:3b-instruct-q4_0,1,ADD,,,99.4,24,49.839,48.0,46.156
31,0,ollama,llama3.2:3b-instruct-q4_0,1,ADD,,,99.4,6,13.839,12.0,10.156
32,0,ollama,llama3.2:3b-instruct-q4_0,1,ADD,,,99.4,7,15.834,14.0,12.161
32,2,ollama,llama3.2:3b-instruct-q4_0,-1,REMOVE,"@Agent0 @Agent1 Reducing my herd by one cow, maintaining the balance of our communal pasture",,99.4,25,51.834,50.0,48.161
32,1,ollama,llama3.2:3b-instruct-q4_0,0,KEEP,,,99.4,9,19.834,18.0,16.161
33,1,ollama,llama3.2:3b-instruct-q4_0,-1,REMOVE,,,99.4,9,19.834,18.0,16.161
33,0,ollama,llama3.2:3b-instruct-q4_0,0,KEEP,"@Agent1 @Agent2 - Weighing our options, as we all benefit from moderate sizes",,99.4,8,17.834,16.0,14.161
33,2,ollama,llama3.2:3b-instruct-q4_0,0,KEEP,,,99.4,24,49.834,48.0,46.161
